customer_id,customer_name,email,city,registration_date
1,Клиент 1,client1@mail.ru,Санкт-Петербург,2023-08-31
2,Клиент 2,client2@mail.ru,Казань,2024-02-21
3,Клиент 3,client3@mail.ru,Самара,2024-05-07
4,Клиент 4,client4@mail.ru,Новосибирск,2024-02-15
5,Клиент 5,client5@mail.ru,Москва,2023-06-18
6,Клиент 6,client6@mail.ru,Краснодар,2023-01-03
7,Клиент 7,client7@mail.ru,Краснодар,2023-09-29
8,Клиент 8,client8@mail.ru,Самара,2023-10-20
9,Клиент 9,client9@mail.ru,Краснодар,2024-12-14
10,Клиент 10,client10@mail.ru,Ростов-на-Дону,2024-11-08
11,Клиент 11,client11@mail.ru,Самара,2023-06-08
12,Клиент 12,client12@mail.ru,Новосибирск,2023-10-31
13,Клиент 13,client13@mail.ru,Новосибирск,2023-03-01
14,Клиент 14,client14@mail.ru,Нижний Новгород,2024-07-09
15,Клиент 15,client15@mail.ru,Москва,2023-11-18
16,Клиент 16,client16@mail.ru,Москва,2023-02-21
17,Клиент 17,client17@mail.ru,Нижний Новгород,2024-05-03
18,Клиент 18,client18@mail.ru,Ростов-на-Дону,2024-06-27
19,Клиент 19,client19@mail.ru,Казань,2023-02-28
20,Клиент 20,client20@mail.ru,Ростов-на-Дону,2023-03-24
21,Клиент 21,client21@mail.ru,Казань,2023-03-12
22,Клиент 22,client22@mail.ru,Нижний Новгород,2023-03-11
23,Клиент 23,client23@mail.ru,Новосибирск,2024-02-18
24,Клиент 24,client24@mail.ru,Санкт-Петербург,2024-08-06
25,Клиент 25,client25@mail.ru,Новосибирск,2024-08-15
26,Клиент 26,client26@mail.ru,Нижний Новгород,2023-02-10
27,Клиент 27,client27@mail.ru,Нижний Новгород,2023-03-25
28,Клиент 28,client28@mail.ru,Краснодар,2024-11-04
29,Клиент 29,client29@mail.ru,Нижний Новгород,2024-08-01
30,Клиент 30,client30@mail.ru,Ростов-на-Дону,2023-11-20
31,Клиент 31,client31@mail.ru,Екатеринбург,2023-07-29
32,Клиент 32,client32@mail.ru,Владивосток,2023-09-02
33,Клиент 33,client33@mail.ru,Екатеринбург,2024-02-10
34,Клиент 34,client34@mail.ru,Казань,2024-11-18
35,Клиент 35,client35@mail.ru,Екатеринбург,2024-04-13
36,Клиент 36,client36@mail.ru,Владивосток,2023-03-16
37,Клиент 37,client37@mail.ru,Москва,2024-04-14
38,Клиент 38,client38@mail.ru,Нижний Новгород,2024-07-30
39,Клиент 39,client39@mail.ru,Санкт-Петербург,2023-03-17
40,Клиент 40,client40@mail.ru,Ростов-на-Дону,2023-08-07
41,Клиент 41,client41@mail.ru,Ростов-на-Дону,2023-09-29
42,Клиент 42,client42@mail.ru,Казань,2023-12-24
43,Клиент 43,client43@mail.ru,Санкт-Петербург,2023-09-08
44,Клиент 44,client44@mail.ru,Владивосток,2023-10-19
45,Клиент 45,client45@mail.ru,Казань,2024-03-24
46,Клиент 46,client46@mail.ru,Ростов-на-Дону,2024-12-21
47,Клиент 47,client47@mail.ru,Екатеринбург,2024-09-18
48,Клиент 48,client48@mail.ru,Ростов-на-Дону,2023-01-09
49,Клиент 49,client49@mail.ru,Ростов-на-Дону,2023-11-03
50,Клиент 50,client50@mail.ru,Санкт-Петербург,2023-05-18
51,Клиент 51,client51@mail.ru,Екатеринбург,2023-04-29
52,Клиент 52,client52@mail.ru,Санкт-Петербург,2024-07-20
53,Клиент 53,client53@mail.ru,Казань,2023-10-06
54,Клиент 54,client54@mail.ru,Екатеринбург,2024-09-11
55,Клиент 55,client55@mail.ru,Новосибирск,2023-12-18
56,Клиент 56,client56@mail.ru,Новосибирск,2024-12-04
57,Клиент 57,client57@mail.ru,Екатеринбург,2024-06-01
58,Клиент 58,client58@mail.ru,Самара,2023-09-15
59,Клиент 59,client59@mail.ru,Москва,2023-04-05
60,Клиент 60,client60@mail.ru,Краснодар,2023-10-11
61,Клиент 61,client61@mail.ru,Москва,2023-01-04
62,Клиент 62,client62@mail.ru,Владивосток,2023-05-14
63,Клиент 63,client63@mail.ru,Екатеринбург,2023-06-15
64,Клиент 64,client64@mail.ru,Самара,2024-07-18
65,Клиент 65,client65@mail.ru,Краснодар,2024-07-28
66,Клиент 66,client66@mail.ru,Москва,2023-04-25
67,Клиент 67,client67@mail.ru,Санкт-Петербург,2024-12-08
68,Клиент 68,client68@mail.ru,Казань,2024-07-12
69,Клиент 69,client69@mail.ru,Москва,2024-01-14
70,Клиент 70,client70@mail.ru,Нижний Новгород,2024-07-19
71,Клиент 71,client71@mail.ru,Казань,2024-03-16
72,Клиент 72,client72@mail.ru,Казань,2023-02-12
73,Клиент 73,client73@mail.ru,Екатеринбург,2024-01-09
74,Клиент 74,client74@mail.ru,Москва,2024-01-02
75,Клиент 75,client75@mail.ru,Новосибирск,2024-11-29
76,Клиент 76,client76@mail.ru,Новосибирск,2024-11-13
77,Клиент 77,client77@mail.ru,Санкт-Петербург,2023-12-29
78,Клиент 78,client78@mail.ru,Ростов-на-Дону,2024-02-21
79,Клиент 79,client79@mail.ru,Нижний Новгород,2023-06-08
80,Клиент 80,client80@mail.ru,Новосибирск,2023-06-16
81,Клиент 81,client81@mail.ru,Казань,2024-02-27
82,Клиент 82,client82@mail.ru,Москва,2023-07-03
83,Клиент 83,client83@mail.ru,Владивосток,2024-02-26
84,Клиент 84,client84@mail.ru,Новосибирск,2023-10-01
85,Клиент 85,client85@mail.ru,Казань,2024-12-19
86,Клиент 86,client86@mail.ru,Санкт-Петербург,2024-01-27
87,Клиент 87,client87@mail.ru,Москва,2024-04-26
88,Клиент 88,client88@mail.ru,Новосибирск,2023-07-24
89,Клиент 89,client89@mail.ru,Самара,2023-12-25
90,Клиент 90,client90@mail.ru,Екатеринбург,2023-08-22
91,Клиент 91,client91@mail.ru,Новосибирск,2023-01-25
92,Клиент 92,client92@mail.ru,Новосибирск,2024-02-13
93,Клиент 93,client93@mail.ru,Владивосток,2023-10-13
94,Клиент 94,client94@mail.ru,Санкт-Петербург,2023-10-13
95,Клиент 95,client95@mail.ru,Владивосток,2024-10-18
96,Клиент 96,client96@mail.ru,Ростов-на-Дону,2024-02-14
97,Клиент 97,client97@mail.ru,Ростов-на-Дону,2023-12-06
98,Клиент 98,client98@mail.ru,Москва,2023-04-29
99,Клиент 99,client99@mail.ru,Екатеринбург,2023-07-02
100,Клиент 100,client100@mail.ru,Нижний Новгород,2023-09-29
101,Клиент 101,client101@mail.ru,Москва,2023-04-22
102,Клиент 102,client102@mail.ru,Нижний Новгород,2024-03-20
103,Клиент 103,client103@mail.ru,Владивосток,2023-11-18
104,Клиент 104,client104@mail.ru,Краснодар,2024-09-12
105,Клиент 105,client105@mail.ru,Ростов-на-Дону,2023-04-29
106,Клиент 106,client106@mail.ru,Краснодар,2024-08-13
107,Клиент 107,client107@mail.ru,Новосибирск,2023-09-18
108,Клиент 108,client108@mail.ru,Москва,2024-12-26
109,Клиент 109,client109@mail.ru,Краснодар,2023-01-02
110,Клиент 110,client110@mail.ru,Ростов-на-Дону,2024-07-05
111,Клиент 111,client111@mail.ru,Новосибирск,2024-01-08
112,Клиент 112,client112@mail.ru,Краснодар,2023-03-13
113,Клиент 113,client113@mail.ru,Владивосток,2024-09-30
114,Клиент 114,client114@mail.ru,Владивосток,2024-11-10
115,Клиент 115,client115@mail.ru,Санкт-Петербург,2023-11-04
116,Клиент 116,client116@mail.ru,Ростов-на-Дону,2023-11-13
117,Клиент 117,client117@mail.ru,Краснодар,2023-12-01
118,Клиент 118,client118@mail.ru,Краснодар,2024-12-14
119,Клиент 119,client119@mail.ru,Екатеринбург,2024-07-21
120,Клиент 120,client120@mail.ru,Казань,2023-07-16
121,Клиент 121,client121@mail.ru,Краснодар,2024-11-11
122,Клиент 122,client122@mail.ru,Краснодар,2024-11-24
123,Клиент 123,client123@mail.ru,Казань,2024-09-22
124,Клиент 124,client124@mail.ru,Нижний Новгород,2023-11-05
125,Клиент 125,client125@mail.ru,Краснодар,2024-07-15
126,Клиент 126,client126@mail.ru,Москва,2023-11-08
127,Клиент 127,client127@mail.ru,Екатеринбург,2023-08-04
128,Клиент 128,client128@mail.ru,Краснодар,2024-08-16
129,Клиент 129,client129@mail.ru,Нижний Новгород,2024-11-01
130,Клиент 130,client130@mail.ru,Владивосток,2024-04-21
131,Клиент 131,client131@mail.ru,Самара,2024-03-28
132,Клиент 132,client132@mail.ru,Новосибирск,2024-06-07
133,Клиент 133,client133@mail.ru,Самара,2023-06-23
134,Клиент 134,client134@mail.ru,Санкт-Петербург,2023-10-18
135,Клиент 135,client135@mail.ru,Ростов-на-Дону,2024-11-10
136,Клиент 136,client136@mail.ru,Нижний Новгород,2023-12-10
137,Клиент 137,client137@mail.ru,Санкт-Петербург,2023-08-29
138,Клиент 138,client138@mail.ru,Екатеринбург,2023-08-19
139,Клиент 139,client139@mail.ru,Новосибирск,2023-05-31
140,Клиент 140,client140@mail.ru,Москва,2023-02-17
141,Клиент 141,client141@mail.ru,Новосибирск,2024-05-01
142,Клиент 142,client142@mail.ru,Нижний Новгород,2023-03-16
143,Клиент 143,client143@mail.ru,Самара,2024-02-29
144,Клиент 144,client144@mail.ru,Нижний Новгород,2023-07-19
145,Клиент 145,client145@mail.ru,Краснодар,2024-05-21
146,Клиент 146,client146@mail.ru,Краснодар,2023-09-07
147,Клиент 147,client147@mail.ru,Казань,2024-11-02
148,Клиент 148,client148@mail.ru,Москва,2023-04-20
149,Клиент 149,client149@mail.ru,Краснодар,2023-08-13
150,Клиент 150,client150@mail.ru,Казань,2024-12-13
151,Клиент 151,client151@mail.ru,Ростов-на-Дону,2024-04-20
152,Клиент 152,client152@mail.ru,Москва,2024-07-24
153,Клиент 153,client153@mail.ru,Новосибирск,2023-05-05
154,Клиент 154,client154@mail.ru,Самара,2023-05-17
155,Клиент 155,client155@mail.ru,Самара,2024-11-14
156,Клиент 156,client156@mail.ru,Ростов-на-Дону,2024-07-26
157,Клиент 157,client157@mail.ru,Нижний Новгород,2023-11-21
158,Клиент 158,client158@mail.ru,Самара,2024-09-19
159,Клиент 159,client159@mail.ru,Ростов-на-Дону,2024-03-12
160,Клиент 160,client160@mail.ru,Ростов-на-Дону,2024-04-01
161,Клиент 161,client161@mail.ru,Казань,2024-05-01
162,Клиент 162,client162@mail.ru,Самара,2023-09-23
163,Клиент 163,client163@mail.ru,Новосибирск,2024-10-14
164,Клиент 164,client164@mail.ru,Екатеринбург,2024-06-17
165,Клиент 165,client165@mail.ru,Самара,2024-10-03
166,Клиент 166,client166@mail.ru,Новосибирск,2023-10-09
167,Клиент 167,client167@mail.ru,Самара,2023-03-21
168,Клиент 168,client168@mail.ru,Екатеринбург,2023-08-29
169,Клиент 169,client169@mail.ru,Екатеринбург,2023-12-10
170,Клиент 170,client170@mail.ru,Владивосток,2024-07-07
171,Клиент 171,client171@mail.ru,Санкт-Петербург,2023-05-22
172,Клиент 172,client172@mail.ru,Казань,2023-08-25
173,Клиент 173,client173@mail.ru,Краснодар,2024-12-11
174,Клиент 174,client174@mail.ru,Казань,2024-12-24
175,Клиент 175,client175@mail.ru,Новосибирск,2023-03-07
176,Клиент 176,client176@mail.ru,Краснодар,2024-02-22
177,Клиент 177,client177@mail.ru,Владивосток,2024-07-09
178,Клиент 178,client178@mail.ru,Самара,2024-03-01
179,Клиент 179,client179@mail.ru,Москва,2023-07-31
180,Клиент 180,client180@mail.ru,Краснодар,2024-02-03
181,Клиент 181,client181@mail.ru,Нижний Новгород,2024-12-13
182,Клиент 182,client182@mail.ru,Москва,2024-08-12
183,Клиент 183,client183@mail.ru,Краснодар,2024-05-03
184,Клиент 184,client184@mail.ru,Москва,2023-12-27
185,Клиент 185,client185@mail.ru,Екатеринбург,2024-02-04
186,Клиент 186,client186@mail.ru,Краснодар,2024-07-05
187,Клиент 187,client187@mail.ru,Ростов-на-Дону,2024-09-09
188,Клиент 188,client188@mail.ru,Новосибирск,2024-05-14
189,Клиент 189,client189@mail.ru,Новосибирск,2023-10-07
190,Клиент 190,client190@mail.ru,Краснодар,2024-05-12
191,Клиент 191,client191@mail.ru,Москва,2024-02-03
192,Клиент 192,client192@mail.ru,Владивосток,2024-11-15
193,Клиент 193,client193@mail.ru,Краснодар,2023-06-19
194,Клиент 194,client194@mail.ru,Самара,2023-05-11
195,Клиент 195,client195@mail.ru,Нижний Новгород,2024-06-30
196,Клиент 196,client196@mail.ru,Москва,2024-02-08
197,Клиент 197,client197@mail.ru,Нижний Новгород,2024-07-31
198,Клиент 198,client198@mail.ru,Москва,2023-03-27
199,Клиент 199,client199@mail.ru,Краснодар,2023-05-19
200,Клиент 200,client200@mail.ru,Самара,2023-07-06
201,Клиент 201,client201@mail.ru,Москва,2023-09-24
202,Клиент 202,client202@mail.ru,Краснодар,2023-12-02
203,Клиент 203,client203@mail.ru,Новосибирск,2024-04-10
204,Клиент 204,client204@mail.ru,Владивосток,2023-12-12
205,Клиент 205,client205@mail.ru,Краснодар,2023-10-12
206,Клиент 206,client206@mail.ru,Краснодар,2023-09-16
207,Клиент 207,client207@mail.ru,Санкт-Петербург,2024-04-26
208,Клиент 208,client208@mail.ru,Москва,2024-07-06
209,Клиент 209,client209@mail.ru,Москва,2023-12-25
210,Клиент 210,client210@mail.ru,Новосибирск,2024-10-27
211,Клиент 211,client211@mail.ru,Санкт-Петербург,2024-10-29
212,Клиент 212,client212@mail.ru,Москва,2023-02-01
213,Клиент 213,client213@mail.ru,Новосибирск,2023-07-24
214,Клиент 214,client214@mail.ru,Москва,2024-09-28
215,Клиент 215,client215@mail.ru,Казань,2023-09-02
216,Клиент 216,client216@mail.ru,Казань,2024-04-29
217,Клиент 217,client217@mail.ru,Санкт-Петербург,2024-07-31
218,Клиент 218,client218@mail.ru,Новосибирск,2024-04-21
219,Клиент 219,client219@mail.ru,Екатеринбург,2024-01-13
220,Клиент 220,client220@mail.ru,Казань,2024-09-12
221,Клиент 221,client221@mail.ru,Нижний Новгород,2023-04-28
222,Клиент 222,client222@mail.ru,Казань,2023-11-15
223,Клиент 223,client223@mail.ru,Санкт-Петербург,2024-08-15
224,Клиент 224,client224@mail.ru,Москва,2023-11-16
225,Клиент 225,client225@mail.ru,Нижний Новгород,2024-11-24
226,Клиент 226,client226@mail.ru,Краснодар,2024-02-11
227,Клиент 227,client227@mail.ru,Новосибирск,2023-03-19
228,Клиент 228,client228@mail.ru,Нижний Новгород,2024-12-08
229,Клиент 229,client229@mail.ru,Новосибирск,2023-04-15
230,Клиент 230,client230@mail.ru,Екатеринбург,2024-12-01
231,Клиент 231,client231@mail.ru,Нижний Новгород,2023-05-04
232,Клиент 232,client232@mail.ru,Нижний Новгород,2023-02-12
233,Клиент 233,client233@mail.ru,Владивосток,2024-06-29
234,Клиент 234,client234@mail.ru,Краснодар,2024-11-08
235,Клиент 235,client235@mail.ru,Владивосток,2023-03-12
236,Клиент 236,client236@mail.ru,Ростов-на-Дону,2024-10-25
237,Клиент 237,client237@mail.ru,Владивосток,2023-01-13
238,Клиент 238,client238@mail.ru,Краснодар,2024-05-16
239,Клиент 239,client239@mail.ru,Санкт-Петербург,2024-03-19
240,Клиент 240,client240@mail.ru,Владивосток,2024-10-12
241,Клиент 241,client241@mail.ru,Самара,2024-12-25
242,Клиент 242,client242@mail.ru,Казань,2024-03-21
243,Клиент 243,client243@mail.ru,Казань,2024-06-18
244,Клиент 244,client244@mail.ru,Екатеринбург,2024-09-22
245,Клиент 245,client245@mail.ru,Ростов-на-Дону,2024-05-10
246,Клиент 246,client246@mail.ru,Самара,2024-03-22
247,Клиент 247,client247@mail.ru,Нижний Новгород,2023-10-02
248,Клиент 248,client248@mail.ru,Владивосток,2023-09-09
249,Клиент 249,client249@mail.ru,Санкт-Петербург,2023-10-13
250,Клиент 250,client250@mail.ru,Самара,2023-09-07
251,Клиент 251,client251@mail.ru,Самара,2024-08-06
252,Клиент 252,client252@mail.ru,Нижний Новгород,2024-11-15
253,Клиент 253,client253@mail.ru,Краснодар,2023-12-11
254,Клиент 254,client254@mail.ru,Москва,2024-05-21
255,Клиент 255,client255@mail.ru,Владивосток,2023-07-06
256,Клиент 256,client256@mail.ru,Самара,2023-08-06
257,Клиент 257,client257@mail.ru,Владивосток,2023-09-22
258,Клиент 258,client258@mail.ru,Владивосток,2023-10-14
259,Клиент 259,client259@mail.ru,Нижний Новгород,2024-12-19
260,Клиент 260,client260@mail.ru,Екатеринбург,2024-07-23
261,Клиент 261,client261@mail.ru,Москва,2024-06-13
262,Клиент 262,client262@mail.ru,Новосибирск,2023-03-29
263,Клиент 263,client263@mail.ru,Новосибирск,2024-02-21
264,Клиент 264,client264@mail.ru,Самара,2024-07-22
265,Клиент 265,client265@mail.ru,Новосибирск,2024-12-08
266,Клиент 266,client266@mail.ru,Самара,2024-10-23
267,Клиент 267,client267@mail.ru,Самара,2024-04-03
268,Клиент 268,client268@mail.ru,Москва,2023-04-06
269,Клиент 269,client269@mail.ru,Екатеринбург,2023-08-15
270,Клиент 270,client270@mail.ru,Краснодар,2024-12-09
271,Клиент 271,client271@mail.ru,Новосибирск,2023-11-10
272,Клиент 272,client272@mail.ru,Нижний Новгород,2024-01-13
273,Клиент 273,client273@mail.ru,Самара,2024-07-20
274,Клиент 274,client274@mail.ru,Ростов-на-Дону,2023-12-19
275,Клиент 275,client275@mail.ru,Краснодар,2024-07-17
276,Клиент 276,client276@mail.ru,Владивосток,2023-12-27
277,Клиент 277,client277@mail.ru,Самара,2023-10-05
278,Клиент 278,client278@mail.ru,Екатеринбург,2023-09-15
279,Клиент 279,client279@mail.ru,Новосибирск,2023-05-04
280,Клиент 280,client280@mail.ru,Новосибирск,2023-11-20
281,Клиент 281,client281@mail.ru,Санкт-Петербург,2024-07-02
282,Клиент 282,client282@mail.ru,Казань,2023-07-16
283,Клиент 283,client283@mail.ru,Новосибирск,2024-05-10
284,Клиент 284,client284@mail.ru,Екатеринбург,2024-08-26
285,Клиент 285,client285@mail.ru,Ростов-на-Дону,2024-09-03
286,Клиент 286,client286@mail.ru,Екатеринбург,2023-04-13
287,Клиент 287,client287@mail.ru,Новосибирск,2023-10-31
288,Клиент 288,client288@mail.ru,Новосибирск,2024-01-05
289,Клиент 289,client289@mail.ru,Казань,2023-11-06
290,Клиент 290,client290@mail.ru,Москва,2024-12-26
291,Клиент 291,client291@mail.ru,Ростов-на-Дону,2023-05-10
292,Клиент 292,client292@mail.ru,Екатеринбург,2023-02-16
293,Клиент 293,client293@mail.ru,Москва,2024-07-20
294,Клиент 294,client294@mail.ru,Екатеринбург,2024-12-15
295,Клиент 295,client295@mail.ru,Казань,2024-10-15
296,Клиент 296,client296@mail.ru,Самара,2023-04-16
297,Клиент 297,client297@mail.ru,Москва,2024-08-10
298,Клиент 298,client298@mail.ru,Екатеринбург,2024-04-25
299,Клиент 299,client299@mail.ru,Самара,2024-03-27
300,Клиент 300,client300@mail.ru,Владивосток,2023-07-08
301,Клиент 301,client301@mail.ru,Москва,2023-09-16
302,Клиент 302,client302@mail.ru,Самара,2023-04-27
303,Клиент 303,client303@mail.ru,Санкт-Петербург,2024-02-15
304,Клиент 304,client304@mail.ru,Самара,2023-03-17
305,Клиент 305,client305@mail.ru,Нижний Новгород,2024-10-06
306,Клиент 306,client306@mail.ru,Москва,2023-06-05
307,Клиент 307,client307@mail.ru,Казань,2024-07-30
308,Клиент 308,client308@mail.ru,Екатеринбург,2023-03-29
309,Клиент 309,client309@mail.ru,Новосибирск,2023-05-02
310,Клиент 310,client310@mail.ru,Ростов-на-Дону,2024-03-02
311,Клиент 311,client311@mail.ru,Нижний Новгород,2024-09-02
312,Клиент 312,client312@mail.ru,Нижний Новгород,2023-08-20
313,Клиент 313,client313@mail.ru,Ростов-на-Дону,2024-01-25
314,Клиент 314,client314@mail.ru,Самара,2024-03-29
315,Клиент 315,client315@mail.ru,Екатеринбург,2024-08-25
316,Клиент 316,client316@mail.ru,Краснодар,2023-11-09
317,Клиент 317,client317@mail.ru,Нижний Новгород,2024-09-27
318,Клиент 318,client318@mail.ru,Москва,2024-09-16
319,Клиент 319,client319@mail.ru,Санкт-Петербург,2023-08-01
320,Клиент 320,client320@mail.ru,Новосибирск,2023-09-28
321,Клиент 321,client321@mail.ru,Санкт-Петербург,2023-06-10
322,Клиент 322,client322@mail.ru,Новосибирск,2023-06-27
323,Клиент 323,client323@mail.ru,Ростов-на-Дону,2023-03-18
324,Клиент 324,client324@mail.ru,Казань,2023-01-03
325,Клиент 325,client325@mail.ru,Краснодар,2024-04-06
326,Клиент 326,client326@mail.ru,Нижний Новгород,2024-04-26
327,Клиент 327,client327@mail.ru,Екатеринбург,2023-02-03
328,Клиент 328,client328@mail.ru,Новосибирск,2023-10-23
329,Клиент 329,client329@mail.ru,Екатеринбург,2024-12-20
330,Клиент 330,client330@mail.ru,Самара,2023-03-14
331,Клиент 331,client331@mail.ru,Новосибирск,2023-09-28
332,Клиент 332,client332@mail.ru,Нижний Новгород,2024-11-08
333,Клиент 333,client333@mail.ru,Новосибирск,2024-03-11
334,Клиент 334,client334@mail.ru,Санкт-Петербург,2024-07-11
335,Клиент 335,client335@mail.ru,Новосибирск,2024-10-25
336,Клиент 336,client336@mail.ru,Казань,2023-09-30
337,Клиент 337,client337@mail.ru,Казань,2023-03-15
338,Клиент 338,client338@mail.ru,Москва,2023-06-19
339,Клиент 339,client339@mail.ru,Екатеринбург,2024-09-01
340,Клиент 340,client340@mail.ru,Нижний Новгород,2023-10-23
341,Клиент 341,client341@mail.ru,Самара,2023-05-08
342,Клиент 342,client342@mail.ru,Самара,2024-12-06
343,Клиент 343,client343@mail.ru,Екатеринбург,2024-12-17
344,Клиент 344,client344@mail.ru,Краснодар,2023-10-06
345,Клиент 345,client345@mail.ru,Ростов-на-Дону,2024-07-06
346,Клиент 346,client346@mail.ru,Самара,2024-03-24
347,Клиент 347,client347@mail.ru,Санкт-Петербург,2024-09-04
348,Клиент 348,client348@mail.ru,Москва,2024-03-18
349,Клиент 349,client349@mail.ru,Владивосток,2024-09-10
350,Клиент 350,client350@mail.ru,Екатеринбург,2023-01-27
351,Клиент 351,client351@mail.ru,Санкт-Петербург,2023-08-23
352,Клиент 352,client352@mail.ru,Нижний Новгород,2024-08-24
353,Клиент 353,client353@mail.ru,Москва,2024-11-19
354,Клиент 354,client354@mail.ru,Екатеринбург,2024-08-13
355,Клиент 355,client355@mail.ru,Москва,2023-06-29
356,Клиент 356,client356@mail.ru,Самара,2024-06-15
357,Клиент 357,client357@mail.ru,Самара,2023-10-12
358,Клиент 358,client358@mail.ru,Казань,2024-08-22
359,Клиент 359,client359@mail.ru,Краснодар,2024-10-12
360,Клиент 360,client360@mail.ru,Самара,2023-04-04
361,Клиент 361,client361@mail.ru,Самара,2023-12-23
362,Клиент 362,client362@mail.ru,Краснодар,2023-12-08
363,Клиент 363,client363@mail.ru,Владивосток,2024-11-17
364,Клиент 364,client364@mail.ru,Санкт-Петербург,2023-06-14
365,Клиент 365,client365@mail.ru,Владивосток,2024-02-26
366,Клиент 366,client366@mail.ru,Самара,2023-10-23
367,Клиент 367,client367@mail.ru,Краснодар,2024-07-17
368,Клиент 368,client368@mail.ru,Москва,2024-04-10
369,Клиент 369,client369@mail.ru,Санкт-Петербург,2023-11-19
370,Клиент 370,client370@mail.ru,Екатеринбург,2023-11-28
371,Клиент 371,client371@mail.ru,Санкт-Петербург,2024-02-18
372,Клиент 372,client372@mail.ru,Ростов-на-Дону,2023-01-02
373,Клиент 373,client373@mail.ru,Ростов-на-Дону,2024-04-18
374,Клиент 374,client374@mail.ru,Краснодар,2023-02-25
375,Клиент 375,client375@mail.ru,Новосибирск,2024-06-14
376,Клиент 376,client376@mail.ru,Владивосток,2024-09-29
377,Клиент 377,client377@mail.ru,Самара,2024-10-02
378,Клиент 378,client378@mail.ru,Самара,2023-02-22
379,Клиент 379,client379@mail.ru,Новосибирск,2023-10-01
380,Клиент 380,client380@mail.ru,Ростов-на-Дону,2023-05-15
381,Клиент 381,client381@mail.ru,Екатеринбург,2024-03-24
382,Клиент 382,client382@mail.ru,Самара,2023-05-05
383,Клиент 383,client383@mail.ru,Москва,2024-10-07
384,Клиент 384,client384@mail.ru,Нижний Новгород,2023-09-03
385,Клиент 385,client385@mail.ru,Казань,2023-11-15
386,Клиент 386,client386@mail.ru,Ростов-на-Дону,2023-01-15
387,Клиент 387,client387@mail.ru,Ростов-на-Дону,2024-02-22
388,Клиент 388,client388@mail.ru,Санкт-Петербург,2023-08-19
389,Клиент 389,client389@mail.ru,Санкт-Петербург,2024-04-17
390,Клиент 390,client390@mail.ru,Санкт-Петербург,2024-10-25
391,Клиент 391,client391@mail.ru,Казань,2024-05-25
392,Клиент 392,client392@mail.ru,Екатеринбург,2024-06-05
393,Клиент 393,client393@mail.ru,Екатеринбург,2024-03-01
394,Клиент 394,client394@mail.ru,Самара,2024-04-28
395,Клиент 395,client395@mail.ru,Новосибирск,2024-04-12
396,Клиент 396,client396@mail.ru,Ростов-на-Дону,2023-05-29
397,Клиент 397,client397@mail.ru,Краснодар,2023-07-15
398,Клиент 398,client398@mail.ru,Нижний Новгород,2024-06-04
399,Клиент 399,client399@mail.ru,Казань,2023-03-13
400,Клиент 400,client400@mail.ru,Екатеринбург,2024-02-29
401,Клиент 401,client401@mail.ru,Владивосток,2024-06-03
402,Клиент 402,client402@mail.ru,Екатеринбург,2023-01-03
403,Клиент 403,client403@mail.ru,Екатеринбург,2023-11-02
404,Клиент 404,client404@mail.ru,Нижний Новгород,2024-08-16
405,Клиент 405,client405@mail.ru,Самара,2023-06-02
406,Клиент 406,client406@mail.ru,Самара,2024-07-05
407,Клиент 407,client407@mail.ru,Самара,2023-12-20
408,Клиент 408,client408@mail.ru,Владивосток,2024-07-19
409,Клиент 409,client409@mail.ru,Ростов-на-Дону,2024-01-22
410,Клиент 410,client410@mail.ru,Самара,2023-11-26
411,Клиент 411,client411@mail.ru,Новосибирск,2024-12-15
412,Клиент 412,client412@mail.ru,Новосибирск,2024-08-08
413,Клиент 413,client413@mail.ru,Краснодар,2023-08-28
414,Клиент 414,client414@mail.ru,Краснодар,2023-02-14
415,Клиент 415,client415@mail.ru,Владивосток,2024-04-29
416,Клиент 416,client416@mail.ru,Краснодар,2024-01-31
417,Клиент 417,client417@mail.ru,Казань,2024-05-22
418,Клиент 418,client418@mail.ru,Москва,2023-05-10
419,Клиент 419,client419@mail.ru,Ростов-на-Дону,2024-08-27
420,Клиент 420,client420@mail.ru,Владивосток,2023-04-13
421,Клиент 421,client421@mail.ru,Самара,2023-04-13
422,Клиент 422,client422@mail.ru,Ростов-на-Дону,2024-04-12
423,Клиент 423,client423@mail.ru,Москва,2023-05-28
424,Клиент 424,client424@mail.ru,Краснодар,2024-11-01
425,Клиент 425,client425@mail.ru,Казань,2023-03-18
426,Клиент 426,client426@mail.ru,Самара,2023-09-29
427,Клиент 427,client427@mail.ru,Владивосток,2024-09-30
428,Клиент 428,client428@mail.ru,Краснодар,2024-10-27
429,Клиент 429,client429@mail.ru,Санкт-Петербург,2023-12-03
430,Клиент 430,client430@mail.ru,Ростов-на-Дону,2024-01-25
431,Клиент 431,client431@mail.ru,Владивосток,2024-10-03
432,Клиент 432,client432@mail.ru,Самара,2024-07-08
433,Клиент 433,client433@mail.ru,Москва,2024-09-24
434,Клиент 434,client434@mail.ru,Санкт-Петербург,2023-08-29
435,Клиент 435,client435@mail.ru,Екатеринбург,2023-08-21
436,Клиент 436,client436@mail.ru,Санкт-Петербург,2024-03-20
437,Клиент 437,client437@mail.ru,Санкт-Петербург,2024-10-10
438,Клиент 438,client438@mail.ru,Санкт-Петербург,2024-03-30
439,Клиент 439,client439@mail.ru,Казань,2024-12-11
440,Клиент 440,client440@mail.ru,Екатеринбург,2023-01-30
441,Клиент 441,client441@mail.ru,Москва,2023-11-29
442,Клиент 442,client442@mail.ru,Москва,2023-10-28
443,Клиент 443,client443@mail.ru,Владивосток,2024-01-19
444,Клиент 444,client444@mail.ru,Краснодар,2023-05-30
445,Клиент 445,client445@mail.ru,Новосибирск,2024-06-27
446,Клиент 446,client446@mail.ru,Краснодар,2024-08-02
447,Клиент 447,client447@mail.ru,Казань,2023-06-24
448,Клиент 448,client448@mail.ru,Казань,2023-03-22
449,Клиент 449,client449@mail.ru,Нижний Новгород,2024-01-27
450,Клиент 450,client450@mail.ru,Нижний Новгород,2024-11-30
451,Клиент 451,client451@mail.ru,Новосибирск,2024-05-24
452,Клиент 452,client452@mail.ru,Нижний Новгород,2023-05-27
453,Клиент 453,client453@mail.ru,Новосибирск,2024-04-17
454,Клиент 454,client454@mail.ru,Екатеринбург,2024-04-15
455,Клиент 455,client455@mail.ru,Екатеринбург,2024-11-13
456,Клиент 456,client456@mail.ru,Москва,2024-04-21
457,Клиент 457,client457@mail.ru,Екатеринбург,2024-11-24
458,Клиент 458,client458@mail.ru,Ростов-на-Дону,2023-06-11
459,Клиент 459,client459@mail.ru,Санкт-Петербург,2024-03-28
460,Клиент 460,client460@mail.ru,Владивосток,2024-08-24
461,Клиент 461,client461@mail.ru,Екатеринбург,2024-10-16
462,Клиент 462,client462@mail.ru,Краснодар,2024-12-07
463,Клиент 463,client463@mail.ru,Екатеринбург,2024-04-12
464,Клиент 464,client464@mail.ru,Екатеринбург,2023-07-23
465,Клиент 465,client465@mail.ru,Краснодар,2024-05-09
466,Клиент 466,client466@mail.ru,Санкт-Петербург,2023-08-31
467,Клиент 467,client467@mail.ru,Краснодар,2024-08-08
468,Клиент 468,client468@mail.ru,Владивосток,2024-08-11
469,Клиент 469,client469@mail.ru,Екатеринбург,2024-12-17
470,Клиент 470,client470@mail.ru,Екатеринбург,2023-01-23
471,Клиент 471,client471@mail.ru,Краснодар,2023-10-09
472,Клиент 472,client472@mail.ru,Москва,2024-08-02
473,Клиент 473,client473@mail.ru,Москва,2024-09-12
474,Клиент 474,client474@mail.ru,Самара,2023-10-21
475,Клиент 475,client475@mail.ru,Новосибирск,2024-09-13
476,Клиент 476,client476@mail.ru,Владивосток,2023-08-13
477,Клиент 477,client477@mail.ru,Новосибирск,2024-09-27
478,Клиент 478,client478@mail.ru,Екатеринбург,2024-11-25
479,Клиент 479,client479@mail.ru,Казань,2024-10-05
480,Клиент 480,client480@mail.ru,Санкт-Петербург,2024-10-04
481,Клиент 481,client481@mail.ru,Москва,2023-11-13
482,Клиент 482,client482@mail.ru,Самара,2023-02-04
483,Клиент 483,client483@mail.ru,Нижний Новгород,2024-01-09
484,Клиент 484,client484@mail.ru,Казань,2023-04-03
485,Клиент 485,client485@mail.ru,Екатеринбург,2023-12-01
486,Клиент 486,client486@mail.ru,Краснодар,2023-06-29
487,Клиент 487,client487@mail.ru,Новосибирск,2023-05-16
488,Клиент 488,client488@mail.ru,Ростов-на-Дону,2024-01-10
489,Клиент 489,client489@mail.ru,Ростов-на-Дону,2024-05-28
490,Клиент 490,client490@mail.ru,Екатеринбург,2023-06-18
491,Клиент 491,client491@mail.ru,Екатеринбург,2024-05-08
492,Клиент 492,client492@mail.ru,Екатеринбург,2023-12-13
493,Клиент 493,client493@mail.ru,Санкт-Петербург,2024-04-24
494,Клиент 494,client494@mail.ru,Санкт-Петербург,2023-05-25
495,Клиент 495,client495@mail.ru,Новосибирск,2024-11-23
496,Клиент 496,client496@mail.ru,Краснодар,2024-07-24
497,Клиент 497,client497@mail.ru,Владивосток,2023-04-03
498,Клиент 498,client498@mail.ru,Краснодар,2023-01-15
499,Клиент 499,client499@mail.ru,Екатеринбург,2024-07-03
500,Клиент 500,client500@mail.ru,Санкт-Петербург,2024-04-10
