order_id,customer_id,seller_id,order_date,ship_date,delivery_date,status
1,253,4,2023-04-10,2023-04-19,,delivered
2,344,18,2024-03-05,2024-03-17,2024-03-24,delivered
3,427,16,2024-09-22,2024-09-27,,delivered
4,228,15,2025-08-31,2025-09-06,,delivered
5,279,12,2023-03-04,2023-03-08,2023-03-16,paid
6,109,20,2025-09-21,,,delivered
7,125,5,2025-03-16,2025-03-18,2025-03-27,shipped
8,111,8,2023-12-03,2023-12-16,2023-12-17,shipped
9,75,5,2024-07-07,2024-07-10,,cancelled
10,68,1,2024-01-02,2024-01-06,2024-01-07,paid
11,27,5,2025-01-29,2025-01-31,2025-02-08,delivered
12,186,17,2024-08-30,,,delivered
13,485,20,2023-02-14,2023-02-28,2023-03-05,delivered
14,494,1,2023-03-04,2023-03-18,2023-03-20,delivered
15,466,15,2023-03-17,2023-03-23,2023-03-25,paid
16,320,19,2024-07-15,2024-07-22,2024-07-31,shipped
17,259,20,2024-03-16,,,delivered
18,437,18,2025-01-08,2025-01-15,2025-01-19,delivered
19,424,15,2024-02-13,2024-02-15,2024-02-21,delivered
20,192,5,2024-12-04,2024-12-06,,paid
21,222,4,2025-02-01,2025-02-14,,paid
22,490,18,2024-07-29,2024-07-31,2024-08-07,cancelled
23,370,2,2025-09-18,2025-09-23,2025-10-03,delivered
24,80,16,2023-08-18,2023-08-24,2023-08-30,paid
25,143,19,2023-08-20,2023-09-03,2023-09-13,delivered
26,330,18,2023-01-27,2023-02-07,2023-02-12,created
27,140,10,2025-08-01,2025-08-02,2025-08-05,delivered
28,206,3,2023-05-26,2023-05-27,,delivered
29,193,14,2024-04-09,2024-04-15,2024-04-21,delivered
30,291,20,2023-03-28,2023-03-31,2023-04-10,created
31,42,9,2024-03-29,2024-04-06,2024-04-13,shipped
32,387,17,2023-04-27,2023-04-29,2023-05-09,delivered
33,342,10,2023-02-16,2023-02-26,,shipped
34,485,7,2025-02-24,,,shipped
35,168,4,2023-01-08,2023-01-15,2023-01-22,delivered
36,118,17,2024-07-26,2024-08-08,2024-08-15,cancelled
37,22,14,2023-01-20,2023-01-22,2023-02-01,delivered
38,208,14,2023-10-24,,,created
39,167,6,2025-03-31,2025-04-08,2025-04-14,paid
40,433,4,2023-09-07,2023-09-14,2023-09-21,cancelled
41,382,11,2023-08-15,2023-08-18,,delivered
42,272,17,2023-07-18,2023-07-24,2023-07-27,shipped
43,75,9,2023-07-22,,,paid
44,389,3,2023-07-01,2023-07-12,2023-07-22,delivered
45,230,19,2024-10-20,2024-10-30,2024-11-05,paid
46,35,16,2024-03-28,2024-04-10,2024-04-11,delivered
47,38,10,2024-04-17,2024-04-18,2024-04-23,paid
48,443,3,2024-09-21,2024-09-28,2024-10-07,returned
49,379,2,2024-04-05,2024-04-15,2024-04-21,delivered
50,257,5,2025-09-07,,,paid
51,461,11,2025-01-01,,,delivered
52,21,8,2024-12-25,2025-01-02,2025-01-12,paid
53,191,10,2024-02-01,2024-02-07,2024-02-08,delivered
54,332,11,2023-03-09,2023-03-18,2023-03-23,shipped
55,437,20,2025-06-13,,,paid
56,340,5,2025-07-27,2025-08-07,2025-08-14,paid
57,363,3,2023-11-14,2023-11-25,2023-11-28,delivered
58,425,17,2023-04-06,2023-04-13,2023-04-14,delivered
59,93,7,2023-12-16,2023-12-24,2023-12-27,paid
60,152,4,2024-06-03,2024-06-17,2024-06-26,created
61,173,20,2023-05-15,2023-05-18,2023-05-28,delivered
62,85,15,2023-02-14,2023-02-25,2023-03-05,delivered
63,386,15,2023-08-28,2023-09-02,2023-09-10,cancelled
64,100,12,2024-11-25,2024-12-03,2024-12-08,delivered
65,258,17,2024-03-04,2024-03-18,2024-03-28,paid
66,129,2,2024-10-18,2024-10-24,2024-10-26,delivered
67,265,4,2023-10-19,,,paid
68,231,17,2023-05-31,2023-06-02,2023-06-06,delivered
69,453,12,2025-08-10,,,paid
70,258,12,2023-08-30,2023-09-01,2023-09-02,delivered
71,51,11,2025-03-21,,,created
72,470,16,2024-12-13,2024-12-26,2025-01-03,delivered
73,464,3,2023-01-20,2023-02-03,,cancelled
74,312,17,2024-03-09,,,shipped
75,155,4,2023-02-18,2023-03-01,2023-03-09,paid
76,429,16,2024-09-03,2024-09-14,2024-09-18,delivered
77,150,14,2023-01-02,2023-01-06,2023-01-09,delivered
78,44,17,2025-09-25,2025-10-04,2025-10-13,delivered
79,200,16,2023-02-14,2023-02-20,2023-02-21,delivered
80,35,12,2023-09-04,2023-09-15,,delivered
81,388,11,2023-05-17,,,delivered
82,417,6,2025-04-30,2025-05-08,2025-05-16,delivered
83,416,5,2023-03-06,2023-03-14,,shipped
84,406,7,2025-06-26,,,cancelled
85,264,13,2025-04-14,2025-04-19,,delivered
86,147,12,2025-06-01,2025-06-15,2025-06-20,paid
87,189,14,2025-06-29,2025-07-07,2025-07-14,delivered
88,96,16,2024-12-09,2024-12-22,2024-12-24,delivered
89,41,14,2024-09-08,2024-09-11,2024-09-17,paid
90,168,10,2023-11-10,2023-11-22,2023-11-30,delivered
91,22,12,2024-09-21,2024-09-26,2024-09-27,paid
92,327,13,2024-01-08,2024-01-20,2024-01-21,paid
93,312,15,2023-02-05,,,shipped
94,331,12,2024-01-06,2024-01-16,,paid
95,231,12,2024-01-16,2024-01-18,2024-01-27,delivered
96,161,9,2023-09-13,2023-09-14,2023-09-22,delivered
97,468,18,2023-05-01,2023-05-06,2023-05-10,returned
98,147,16,2023-07-24,,,cancelled
99,232,6,2025-07-09,2025-07-11,2025-07-17,delivered
100,364,3,2024-07-17,2024-07-22,2024-07-25,delivered
101,261,8,2023-05-05,2023-05-18,,delivered
102,14,12,2024-07-21,2024-07-29,2024-08-07,paid
103,453,3,2023-03-09,2023-03-21,2023-03-30,delivered
104,210,19,2023-03-17,,,delivered
105,38,15,2024-04-22,2024-04-28,,delivered
106,283,19,2023-07-06,2023-07-09,2023-07-10,delivered
107,266,5,2023-11-08,,,delivered
108,364,8,2023-12-21,2023-12-30,2024-01-01,shipped
109,326,18,2023-10-09,,,delivered
110,274,3,2024-05-29,2024-06-08,2024-06-11,paid
111,320,20,2023-12-12,2023-12-22,,cancelled
112,42,2,2025-08-29,2025-09-08,2025-09-12,delivered
113,214,20,2024-10-16,,,cancelled
114,280,10,2024-10-19,2024-10-27,2024-11-03,shipped
115,38,2,2023-06-11,2023-06-19,2023-06-25,delivered
116,161,11,2025-01-21,2025-01-27,2025-01-30,delivered
117,264,18,2023-04-19,2023-04-27,,delivered
118,73,4,2023-02-21,2023-02-28,2023-03-07,shipped
119,444,6,2025-04-13,2025-04-23,2025-04-27,delivered
120,256,17,2024-04-23,2024-04-28,2024-04-30,cancelled
121,259,15,2025-09-16,2025-09-26,2025-09-27,shipped
122,306,16,2023-10-20,2023-11-03,,paid
123,136,12,2025-02-21,2025-02-22,2025-03-04,delivered
124,186,18,2023-10-23,,,delivered
125,392,18,2023-10-14,2023-10-24,2023-10-26,paid
126,50,13,2024-01-18,2024-01-24,2024-01-30,delivered
127,102,20,2024-06-05,2024-06-06,,paid
128,171,16,2024-06-15,2024-06-25,2024-06-28,delivered
129,314,11,2023-06-16,2023-06-26,2023-07-01,delivered
130,260,17,2024-06-29,2024-07-09,2024-07-10,delivered
131,345,4,2024-03-02,2024-03-15,2024-03-16,delivered
132,136,19,2024-08-14,2024-08-15,2024-08-18,delivered
133,370,20,2025-03-04,2025-03-07,2025-03-11,created
134,486,4,2023-07-15,,,delivered
135,78,14,2024-12-08,2024-12-17,2024-12-25,cancelled
136,377,2,2024-12-23,,,shipped
137,167,16,2024-06-22,2024-06-25,2024-07-04,delivered
138,182,9,2024-09-16,2024-09-20,2024-09-25,shipped
139,499,10,2025-02-28,2025-03-04,2025-03-12,delivered
140,179,18,2025-08-14,2025-08-26,2025-08-28,delivered
141,279,13,2025-07-06,2025-07-20,2025-07-23,shipped
142,148,3,2023-12-21,2024-01-01,2024-01-09,shipped
143,424,18,2023-10-05,2023-10-17,2023-10-19,delivered
144,301,8,2023-09-06,,,cancelled
145,116,8,2023-02-23,,,delivered
146,242,4,2024-11-28,2024-11-29,2024-12-02,delivered
147,479,16,2024-05-03,2024-05-16,2024-05-22,shipped
148,31,3,2024-10-29,2024-11-07,2024-11-08,cancelled
149,90,14,2025-06-22,2025-06-23,2025-06-30,delivered
150,96,10,2025-06-16,,,shipped
151,309,4,2025-08-08,2025-08-13,2025-08-22,delivered
152,456,5,2025-05-21,2025-05-26,2025-05-28,delivered
153,375,15,2024-10-25,2024-10-28,,delivered
154,152,19,2024-11-21,2024-11-24,2024-12-01,delivered
155,264,11,2023-03-30,2023-04-01,2023-04-04,delivered
156,480,8,2023-01-07,2023-01-11,2023-01-16,returned
157,155,19,2025-01-10,2025-01-15,2025-01-19,paid
158,61,15,2023-11-11,,,delivered
159,473,10,2024-12-07,,,cancelled
160,152,12,2024-09-21,2024-09-24,2024-10-02,delivered
161,311,12,2024-03-01,2024-03-09,2024-03-13,delivered
162,349,20,2025-06-13,2025-06-22,2025-06-28,paid
163,289,4,2023-03-05,2023-03-14,2023-03-23,paid
164,168,17,2024-03-28,,,shipped
165,299,16,2023-04-04,2023-04-12,2023-04-20,paid
166,213,15,2024-07-31,,,delivered
167,414,10,2025-01-10,,,shipped
168,2,7,2024-08-15,,,delivered
169,359,3,2024-07-08,2024-07-10,2024-07-18,created
170,210,6,2025-02-26,,,delivered
171,374,14,2024-01-19,2024-01-26,2024-02-02,delivered
172,350,18,2023-05-17,2023-05-23,,returned
173,202,17,2023-05-11,2023-05-15,2023-05-16,returned
174,238,18,2024-03-10,2024-03-24,2024-04-01,delivered
175,142,7,2025-08-17,2025-08-30,,delivered
176,215,20,2025-02-23,2025-02-24,2025-02-26,paid
177,18,15,2024-09-04,2024-09-18,,delivered
178,206,15,2023-08-28,2023-09-10,2023-09-11,paid
179,149,8,2025-04-15,2025-04-25,2025-05-05,delivered
180,420,11,2023-08-31,2023-09-03,2023-09-12,shipped
181,154,9,2023-03-04,2023-03-14,2023-03-17,delivered
182,219,18,2024-05-22,,,delivered
183,330,13,2025-03-15,2025-03-27,2025-03-30,shipped
184,95,18,2024-04-29,2024-05-03,2024-05-06,delivered
185,469,2,2024-07-29,2024-08-05,2024-08-08,delivered
186,131,7,2023-12-05,2023-12-13,2023-12-15,delivered
187,425,7,2023-02-22,2023-03-05,2023-03-06,cancelled
188,97,19,2025-01-11,2025-01-15,2025-01-21,delivered
189,466,1,2023-08-05,2023-08-17,,returned
190,246,8,2024-12-13,2024-12-17,2024-12-21,delivered
191,398,10,2024-01-25,2024-02-05,2024-02-10,delivered
192,452,16,2024-04-22,,,returned
193,241,11,2025-07-25,2025-07-31,2025-08-10,cancelled
194,380,5,2023-01-17,2023-01-27,2023-02-03,shipped
195,101,11,2023-08-24,2023-09-07,2023-09-16,delivered
196,351,11,2023-09-21,2023-09-29,2023-10-07,delivered
197,376,12,2023-06-23,,,delivered
198,95,18,2024-10-19,2024-10-28,,delivered
199,484,2,2025-02-21,,,paid
200,323,8,2023-03-11,2023-03-12,2023-03-20,delivered
201,317,20,2025-07-23,2025-07-31,,delivered
202,211,1,2023-01-18,2023-01-23,2023-01-28,created
203,417,14,2025-04-05,2025-04-08,,paid
204,77,8,2023-07-16,2023-07-21,2023-07-26,delivered
205,41,12,2025-09-09,2025-09-19,2025-09-23,shipped
206,424,3,2024-10-31,2024-11-11,2024-11-13,delivered
207,194,18,2024-05-02,,,created
208,88,3,2024-05-26,2024-06-06,2024-06-16,returned
209,499,4,2025-07-05,2025-07-06,2025-07-16,delivered
210,24,3,2024-12-01,2024-12-10,2024-12-11,paid
211,436,11,2023-01-17,2023-01-27,,delivered
212,421,13,2025-08-09,,,paid
213,124,19,2025-05-04,2025-05-15,2025-05-21,delivered
214,379,5,2025-03-20,2025-04-01,,delivered
215,178,2,2023-04-11,2023-04-25,,delivered
216,315,20,2024-02-11,2024-02-17,,shipped
217,231,16,2023-08-22,2023-08-29,2023-09-08,delivered
218,44,20,2023-10-30,2023-11-11,,shipped
219,195,5,2025-01-27,2025-02-02,,created
220,158,15,2024-01-04,2024-01-06,,paid
221,230,18,2024-07-22,2024-07-24,,delivered
222,48,20,2024-09-04,2024-09-18,2024-09-23,delivered
223,399,3,2025-01-12,2025-01-16,2025-01-19,delivered
224,87,5,2023-10-03,2023-10-11,,paid
225,142,14,2023-11-03,2023-11-05,2023-11-09,delivered
226,254,20,2024-09-23,,,paid
227,156,1,2025-08-29,2025-09-12,2025-09-18,delivered
228,221,20,2023-05-20,2023-05-30,2023-06-03,delivered
229,91,13,2025-09-18,2025-09-30,2025-10-08,returned
230,401,8,2023-11-30,2023-12-14,2023-12-20,paid
231,289,7,2024-08-29,2024-09-01,2024-09-10,created
232,373,15,2025-08-23,2025-08-31,2025-09-02,delivered
233,408,14,2024-11-20,2024-12-01,2024-12-06,delivered
234,367,14,2025-03-19,2025-03-27,2025-04-04,delivered
235,274,17,2025-08-03,2025-08-15,2025-08-16,delivered
236,185,18,2024-08-31,2024-09-02,,shipped
237,341,12,2023-06-20,2023-06-21,2023-06-28,returned
238,170,14,2023-04-19,,,shipped
239,262,17,2024-07-25,2024-08-04,2024-08-10,delivered
240,396,19,2024-12-08,2024-12-14,2024-12-22,paid
241,213,3,2023-04-29,2023-05-11,,delivered
242,234,7,2024-06-17,2024-06-25,,delivered
243,232,11,2023-03-10,2023-03-23,2023-03-24,delivered
244,332,4,2024-11-24,2024-12-06,2024-12-09,delivered
245,170,18,2024-03-12,2024-03-16,2024-03-19,paid
246,337,14,2024-02-10,,,delivered
247,102,15,2024-08-29,2024-08-30,2024-09-03,shipped
248,361,3,2024-08-14,,,cancelled
249,96,12,2023-11-30,,,paid
250,344,16,2024-06-24,2024-06-30,2024-07-10,delivered
251,59,12,2023-12-27,2024-01-06,2024-01-11,cancelled
252,303,3,2024-11-19,,,paid
253,157,4,2023-07-07,2023-07-10,2023-07-17,delivered
254,295,13,2024-03-09,,,delivered
255,356,6,2024-07-22,,,shipped
256,96,11,2025-05-12,2025-05-13,2025-05-14,delivered
257,100,13,2025-09-13,2025-09-24,2025-10-02,delivered
258,431,15,2024-05-15,,,delivered
259,408,8,2023-10-27,,,shipped
260,148,6,2025-03-10,2025-03-22,2025-03-30,delivered
261,58,19,2023-04-27,2023-05-06,2023-05-12,delivered
262,388,2,2025-02-17,2025-02-26,2025-03-05,paid
263,425,8,2023-11-01,2023-11-02,2023-11-08,cancelled
264,45,15,2025-06-05,2025-06-18,2025-06-22,delivered
265,302,12,2025-05-31,2025-06-11,2025-06-21,paid
266,106,7,2025-04-04,,,delivered
267,144,20,2024-07-05,,,returned
268,150,10,2024-08-09,2024-08-23,2024-08-25,paid
269,385,14,2025-07-29,,,shipped
270,336,5,2024-12-19,2024-12-23,,delivered
271,127,13,2024-05-16,,,delivered
272,322,14,2024-01-20,2024-01-31,2024-02-02,delivered
273,384,9,2024-12-12,2024-12-18,2024-12-26,delivered
274,2,3,2025-01-18,2025-01-29,2025-02-04,cancelled
275,408,18,2024-02-12,2024-02-19,2024-02-27,shipped
276,425,10,2023-12-12,2023-12-15,2023-12-23,delivered
277,458,2,2023-02-17,,,delivered
278,236,1,2023-05-08,2023-05-11,2023-05-12,returned
279,220,7,2024-12-06,2024-12-17,2024-12-22,paid
280,185,9,2023-03-26,2023-04-06,2023-04-13,delivered
281,372,8,2024-03-15,2024-03-27,,shipped
282,40,5,2024-08-30,2024-09-10,2024-09-11,delivered
283,419,4,2025-05-30,2025-06-02,2025-06-06,delivered
284,375,4,2023-04-16,2023-04-21,,delivered
285,386,5,2024-10-18,2024-10-21,,delivered
286,313,6,2024-03-26,2024-03-30,2024-04-02,cancelled
287,316,15,2025-05-30,2025-06-01,,paid
288,374,13,2023-12-26,2024-01-01,2024-01-05,shipped
289,44,8,2024-07-20,2024-08-01,2024-08-02,delivered
290,338,10,2023-07-30,2023-08-08,2023-08-15,shipped
291,28,8,2024-05-21,2024-05-25,2024-06-04,paid
292,456,1,2024-01-05,2024-01-08,2024-01-18,delivered
293,280,6,2025-02-20,2025-03-05,,delivered
294,8,9,2023-08-09,,,paid
295,405,13,2024-06-02,2024-06-14,2024-06-21,delivered
296,206,3,2024-10-17,2024-10-27,2024-10-29,delivered
297,262,7,2025-09-24,2025-10-03,2025-10-13,delivered
298,428,3,2023-11-14,2023-11-26,2023-11-30,paid
299,45,14,2023-04-29,2023-05-09,,delivered
300,337,6,2023-05-03,,,paid
301,6,6,2024-05-23,2024-06-01,2024-06-06,paid
302,65,9,2025-01-20,2025-02-02,2025-02-08,delivered
303,140,17,2023-03-07,2023-03-17,2023-03-25,delivered
304,185,2,2024-05-26,2024-05-29,2024-06-03,delivered
305,458,19,2024-11-21,2024-11-25,2024-11-26,created
306,442,1,2023-09-08,,,delivered
307,472,5,2023-07-03,2023-07-17,,delivered
308,366,14,2023-08-18,2023-08-25,2023-08-31,shipped
309,40,19,2024-01-17,,,delivered
310,27,6,2023-08-17,2023-08-18,2023-08-20,cancelled
311,444,10,2025-03-03,2025-03-09,,delivered
312,189,7,2023-10-26,2023-10-31,2023-11-04,delivered
313,303,16,2025-03-02,2025-03-14,2025-03-18,paid
314,478,14,2023-01-25,2023-01-31,2023-02-01,returned
315,1,13,2025-05-19,2025-05-24,,delivered
316,122,14,2024-05-18,2024-05-21,2024-05-23,created
317,119,17,2024-02-27,2024-03-04,2024-03-06,delivered
318,259,5,2024-10-14,2024-10-16,2024-10-17,delivered
319,494,5,2023-08-31,2023-09-14,2023-09-21,delivered
320,377,11,2023-11-22,2023-11-26,,shipped
321,400,19,2023-04-22,,,paid
322,239,11,2024-02-21,,,delivered
323,395,7,2024-04-07,2024-04-12,2024-04-14,paid
324,352,10,2025-04-26,2025-05-06,,delivered
325,168,5,2023-04-04,2023-04-10,2023-04-11,delivered
326,134,6,2023-02-01,2023-02-15,2023-02-24,shipped
327,237,4,2025-04-03,2025-04-05,,delivered
328,114,5,2023-07-22,2023-07-28,2023-07-30,delivered
329,133,3,2023-01-23,2023-01-27,2023-02-04,delivered
330,48,11,2023-05-06,,,delivered
331,87,19,2024-03-19,2024-03-26,2024-04-02,delivered
332,89,12,2023-08-08,2023-08-13,2023-08-16,created
333,318,20,2023-09-09,2023-09-17,2023-09-26,delivered
334,45,9,2024-01-28,,,paid
335,453,17,2023-09-13,2023-09-26,2023-09-27,returned
336,401,12,2024-05-06,2024-05-14,2024-05-24,delivered
337,199,9,2023-07-04,,,delivered
338,16,9,2023-03-01,2023-03-09,2023-03-19,returned
339,499,6,2023-04-13,2023-04-17,2023-04-18,delivered
340,486,8,2024-08-12,2024-08-25,2024-08-28,paid
341,304,11,2025-04-05,2025-04-11,2025-04-12,delivered
342,181,19,2024-07-31,,,cancelled
343,429,16,2024-07-09,2024-07-17,,paid
344,309,8,2023-01-21,2023-01-22,2023-02-01,shipped
345,67,11,2025-01-04,,,delivered
346,445,11,2023-03-02,,,delivered
347,470,5,2025-03-03,,,delivered
348,187,3,2024-01-18,2024-01-29,2024-01-31,delivered
349,166,5,2025-09-26,,,cancelled
350,406,16,2024-10-26,2024-11-07,2024-11-17,delivered
351,115,19,2025-04-14,,,delivered
352,353,10,2023-05-11,,,created
353,360,19,2024-02-05,2024-02-18,2024-02-19,paid
354,163,20,2023-08-15,2023-08-17,2023-08-20,delivered
355,40,8,2023-12-22,2023-12-25,2023-12-27,delivered
356,344,11,2024-04-02,,,shipped
357,355,3,2023-12-25,2023-12-27,2023-12-28,delivered
358,376,14,2025-09-19,,,delivered
359,452,13,2023-12-26,2023-12-28,2024-01-07,delivered
360,352,8,2023-06-16,2023-06-29,2023-07-04,created
361,134,4,2023-03-17,2023-03-24,2023-03-26,delivered
362,460,3,2023-12-13,2023-12-23,2023-12-24,delivered
363,335,6,2024-09-13,2024-09-16,,delivered
364,499,7,2024-02-24,2024-03-07,2024-03-16,shipped
365,145,10,2023-09-01,,,delivered
366,282,16,2023-06-07,,,created
367,45,10,2025-04-23,2025-05-03,2025-05-05,created
368,88,10,2023-03-25,2023-03-27,2023-04-03,delivered
369,459,9,2023-04-04,2023-04-11,2023-04-18,delivered
370,229,2,2023-09-27,2023-10-02,2023-10-07,delivered
371,78,4,2023-03-29,2023-04-11,2023-04-21,shipped
372,32,13,2025-04-18,2025-04-27,2025-05-05,delivered
373,121,16,2023-11-03,,,cancelled
374,366,2,2024-05-29,2024-06-07,2024-06-17,paid
375,487,15,2023-06-27,2023-06-30,2023-07-04,paid
376,217,3,2024-11-30,2024-12-14,2024-12-24,shipped
377,467,3,2023-03-31,2023-04-07,2023-04-12,delivered
378,470,1,2025-03-16,2025-03-26,2025-04-02,paid
379,77,5,2024-08-03,2024-08-16,2024-08-18,cancelled
380,289,4,2025-03-15,2025-03-24,2025-03-31,shipped
381,336,16,2024-08-08,2024-08-09,2024-08-16,paid
382,312,13,2023-02-09,2023-02-15,2023-02-16,delivered
383,472,9,2025-07-07,2025-07-13,2025-07-18,delivered
384,432,16,2025-05-28,2025-05-30,2025-06-03,paid
385,499,15,2025-03-03,2025-03-08,2025-03-18,delivered
386,97,15,2023-08-05,2023-08-12,2023-08-21,cancelled
387,421,2,2024-06-11,2024-06-13,2024-06-22,delivered
388,400,17,2025-06-19,2025-06-22,2025-06-26,delivered
389,128,2,2024-04-12,,,delivered
390,102,9,2024-01-13,2024-01-22,2024-01-24,delivered
391,124,12,2024-05-15,2024-05-18,2024-05-26,delivered
392,180,12,2023-06-17,2023-06-22,2023-06-24,shipped
393,198,2,2023-06-16,2023-06-29,2023-07-03,delivered
394,347,7,2023-10-03,2023-10-12,,delivered
395,393,1,2024-04-30,2024-05-11,2024-05-12,shipped
396,312,10,2024-12-30,2025-01-10,2025-01-17,cancelled
397,236,9,2023-08-12,2023-08-23,2023-09-02,delivered
398,53,1,2024-06-07,2024-06-21,2024-06-30,delivered
399,312,10,2023-11-02,2023-11-10,,returned
400,328,11,2025-06-01,2025-06-12,2025-06-17,paid
401,265,8,2025-07-10,,,cancelled
402,415,20,2024-02-18,2024-02-29,,created
403,255,10,2023-09-23,2023-09-30,2023-10-01,delivered
404,293,7,2023-12-18,2023-12-22,2023-12-30,cancelled
405,344,12,2024-06-03,2024-06-06,2024-06-15,paid
406,50,16,2023-05-12,2023-05-24,2023-05-27,cancelled
407,461,11,2024-11-01,,,delivered
408,382,10,2024-03-06,2024-03-12,2024-03-22,shipped
409,436,4,2024-04-26,,,delivered
410,298,20,2023-03-14,2023-03-18,2023-03-25,delivered
411,212,2,2025-06-10,2025-06-13,2025-06-19,delivered
412,292,15,2023-05-27,2023-06-08,2023-06-10,delivered
413,324,6,2023-11-17,2023-11-18,2023-11-22,delivered
414,87,19,2025-02-21,,,delivered
415,400,3,2023-05-13,2023-05-24,2023-05-31,returned
416,197,1,2023-02-08,2023-02-20,2023-02-21,cancelled
417,388,17,2023-07-15,,,created
418,376,8,2023-08-20,2023-08-26,2023-08-28,delivered
419,302,10,2023-06-21,,,created
420,486,10,2024-04-11,2024-04-21,2024-04-28,cancelled
421,69,11,2025-07-12,2025-07-25,2025-08-01,created
422,115,5,2023-08-05,2023-08-15,2023-08-17,delivered
423,334,2,2024-01-20,2024-01-25,2024-02-04,created
424,25,4,2024-10-31,2024-11-01,2024-11-08,delivered
425,64,18,2023-09-16,2023-09-19,2023-09-20,delivered
426,339,4,2024-11-09,2024-11-19,2024-11-22,delivered
427,461,4,2024-06-07,2024-06-09,2024-06-11,delivered
428,312,7,2025-03-07,2025-03-16,2025-03-22,delivered
429,152,6,2023-02-10,2023-02-14,2023-02-22,delivered
430,2,1,2024-11-18,,,paid
431,294,16,2023-06-02,2023-06-15,2023-06-17,cancelled
432,330,8,2024-04-12,2024-04-17,2024-04-18,paid
433,90,2,2025-05-22,2025-06-04,2025-06-11,delivered
434,49,2,2023-01-10,2023-01-21,2023-01-27,delivered
435,225,20,2023-10-02,2023-10-04,2023-10-10,paid
436,206,13,2025-09-12,2025-09-26,2025-10-04,delivered
437,333,6,2023-04-26,,,delivered
438,483,6,2023-04-17,2023-04-27,2023-05-07,delivered
439,93,20,2024-01-24,2024-02-03,,delivered
440,430,5,2024-05-09,2024-05-11,2024-05-19,created
441,134,11,2023-01-13,2023-01-24,2023-02-03,delivered
442,115,11,2024-06-15,2024-06-27,2024-07-04,delivered
443,128,16,2023-12-21,2024-01-01,2024-01-10,cancelled
444,314,2,2023-01-12,2023-01-15,2023-01-23,cancelled
445,446,6,2023-03-18,2023-03-24,2023-03-29,paid
446,115,18,2024-10-20,2024-11-03,2024-11-11,delivered
447,294,15,2023-04-01,2023-04-09,2023-04-17,delivered
448,10,4,2024-02-18,2024-02-27,2024-02-29,delivered
449,494,20,2024-10-14,2024-10-23,2024-10-31,returned
450,187,2,2025-04-16,2025-04-24,2025-05-04,delivered
451,367,12,2025-01-03,2025-01-05,2025-01-09,created
452,182,10,2024-07-14,2024-07-26,,cancelled
453,253,5,2025-04-21,2025-05-03,2025-05-08,delivered
454,97,4,2025-08-10,2025-08-14,2025-08-18,delivered
455,56,14,2023-02-17,2023-03-03,2023-03-05,delivered
456,231,15,2024-11-05,2024-11-14,,delivered
457,272,2,2024-07-20,2024-08-03,2024-08-12,delivered
458,467,6,2024-12-09,2024-12-21,2024-12-23,delivered
459,308,20,2025-06-22,2025-06-29,2025-07-09,cancelled
460,391,8,2023-10-08,2023-10-14,2023-10-22,delivered
461,71,14,2024-09-08,2024-09-20,2024-09-29,cancelled
462,365,18,2024-10-09,2024-10-13,2024-10-18,delivered
463,472,5,2024-12-28,2024-12-31,2025-01-06,delivered
464,390,12,2024-07-29,2024-08-08,2024-08-15,delivered
465,458,18,2023-10-20,2023-10-27,2023-11-05,paid
466,196,5,2023-02-24,2023-02-28,2023-03-03,returned
467,350,9,2023-05-30,2023-06-11,2023-06-15,delivered
468,17,12,2025-04-13,2025-04-23,2025-05-02,cancelled
469,381,18,2024-02-03,2024-02-16,2024-02-21,delivered
470,25,13,2024-02-01,2024-02-14,2024-02-20,returned
471,28,1,2025-01-31,2025-02-10,2025-02-18,delivered
472,467,12,2025-02-12,2025-02-24,2025-02-28,shipped
473,91,3,2023-07-11,2023-07-23,2023-07-30,created
474,143,18,2023-09-28,,,delivered
475,131,1,2023-12-05,2023-12-08,,cancelled
476,306,2,2025-03-03,2025-03-13,2025-03-18,delivered
477,294,18,2024-01-02,,,delivered
478,270,8,2025-09-06,,,paid
479,259,6,2024-03-01,2024-03-08,,shipped
480,110,11,2023-12-06,2023-12-10,2023-12-20,delivered
481,288,1,2023-04-28,2023-05-06,2023-05-16,cancelled
482,125,2,2024-11-29,2024-12-06,2024-12-08,delivered
483,277,10,2023-01-26,2023-02-09,2023-02-18,delivered
484,229,16,2023-02-14,2023-02-25,2023-03-06,paid
485,50,6,2025-09-21,2025-09-30,2025-10-02,shipped
486,323,7,2025-06-04,2025-06-18,,delivered
487,360,14,2024-10-24,2024-10-26,2024-10-29,created
488,368,11,2023-02-08,,,paid
489,407,9,2024-07-25,,,delivered
490,467,9,2024-02-22,2024-03-04,2024-03-10,created
491,345,4,2024-07-01,,,delivered
492,33,19,2023-02-16,2023-02-18,2023-02-27,paid
493,403,10,2024-09-13,,,delivered
494,225,13,2024-02-09,2024-02-10,2024-02-19,shipped
495,383,13,2025-03-26,2025-04-04,2025-04-07,shipped
496,455,12,2025-09-07,2025-09-16,2025-09-19,paid
497,3,19,2024-09-02,2024-09-11,2024-09-16,shipped
498,380,12,2023-08-05,2023-08-16,2023-08-19,paid
499,114,20,2025-05-04,2025-05-06,2025-05-16,cancelled
500,436,18,2024-04-17,2024-04-19,2024-04-21,shipped
501,102,19,2024-05-13,2024-05-19,,delivered
502,52,10,2024-09-26,,,paid
503,249,15,2023-12-03,2023-12-08,2023-12-11,delivered
504,187,11,2025-09-08,2025-09-09,2025-09-13,delivered
505,329,14,2023-10-11,2023-10-14,2023-10-20,cancelled
506,237,15,2024-01-03,2024-01-11,2024-01-14,delivered
507,42,9,2025-05-29,2025-06-07,2025-06-09,delivered
508,457,1,2025-05-19,2025-05-20,2025-05-30,delivered
509,303,7,2025-07-17,,,shipped
510,458,18,2024-04-28,2024-05-01,2024-05-05,cancelled
511,302,10,2023-05-18,2023-05-27,,delivered
512,6,8,2025-05-18,2025-05-28,2025-06-06,paid
513,82,6,2024-08-02,2024-08-13,2024-08-16,delivered
514,248,12,2023-02-11,2023-02-19,2023-02-24,delivered
515,22,7,2024-06-14,2024-06-20,2024-06-28,cancelled
516,21,11,2023-04-16,2023-04-25,2023-04-30,delivered
517,135,19,2024-07-11,2024-07-18,2024-07-24,delivered
518,460,3,2024-06-13,2024-06-17,2024-06-23,delivered
519,177,16,2025-03-22,2025-04-01,,cancelled
520,226,6,2023-08-24,,,delivered
521,109,5,2023-07-11,,,delivered
522,419,4,2024-11-07,2024-11-20,2024-11-22,delivered
523,246,16,2023-08-04,2023-08-15,2023-08-16,shipped
524,66,19,2024-08-29,,,delivered
525,21,19,2023-05-31,,,shipped
526,93,17,2025-09-08,2025-09-18,2025-09-23,cancelled
527,111,15,2024-09-13,2024-09-27,2024-10-01,delivered
528,308,5,2025-03-24,2025-04-06,2025-04-15,shipped
529,371,11,2025-08-02,2025-08-12,,delivered
530,68,4,2023-01-17,2023-01-31,2023-02-07,delivered
531,311,4,2023-07-01,2023-07-11,2023-07-20,delivered
532,61,3,2024-05-08,2024-05-18,2024-05-19,cancelled
533,397,14,2024-06-18,2024-07-02,,delivered
534,118,16,2025-03-19,2025-03-25,2025-04-04,paid
535,69,9,2024-05-03,2024-05-17,,delivered
536,279,14,2023-09-21,,,delivered
537,405,1,2024-08-14,2024-08-23,,delivered
538,353,11,2024-02-23,2024-02-26,2024-03-07,shipped
539,438,18,2024-03-09,2024-03-19,2024-03-26,delivered
540,212,18,2025-03-13,2025-03-16,2025-03-25,delivered
541,158,19,2023-12-19,2023-12-26,2023-12-28,delivered
542,229,6,2023-04-13,2023-04-20,2023-04-29,delivered
543,351,2,2023-06-14,2023-06-25,,paid
544,75,16,2025-08-06,2025-08-08,,shipped
545,41,20,2023-02-08,2023-02-15,2023-02-24,shipped
546,494,20,2023-02-28,2023-03-14,2023-03-22,delivered
547,104,17,2023-10-20,,,delivered
548,262,17,2024-12-16,2024-12-19,2024-12-25,shipped
549,1,6,2023-03-30,2023-04-12,2023-04-19,delivered
550,103,17,2023-01-16,2023-01-18,2023-01-27,shipped
551,425,18,2025-07-25,2025-07-31,2025-08-05,shipped
552,494,7,2024-04-10,2024-04-20,,paid
553,260,4,2024-07-26,,,shipped
554,485,4,2025-04-02,2025-04-07,2025-04-17,shipped
555,227,13,2024-07-30,2024-08-03,2024-08-11,delivered
556,460,19,2025-06-01,,,paid
557,35,13,2024-10-10,2024-10-14,2024-10-18,delivered
558,212,12,2024-06-12,2024-06-24,2024-06-28,shipped
559,205,11,2023-03-19,2023-03-22,2023-03-28,shipped
560,294,9,2023-07-07,2023-07-18,2023-07-22,delivered
561,103,8,2025-01-23,2025-01-28,2025-02-01,delivered
562,429,20,2023-12-31,,,paid
563,472,3,2024-11-23,2024-12-01,2024-12-10,returned
564,435,16,2024-01-16,2024-01-24,2024-02-03,cancelled
565,252,6,2025-02-21,2025-02-26,2025-03-08,paid
566,270,14,2024-05-04,2024-05-05,2024-05-12,cancelled
567,398,6,2024-04-13,2024-04-25,2024-05-01,delivered
568,7,7,2024-01-24,2024-01-30,2024-02-04,paid
569,135,8,2023-10-03,2023-10-13,2023-10-16,delivered
570,108,14,2024-12-18,2024-12-24,2024-12-29,delivered
571,293,5,2024-08-12,2024-08-26,,shipped
572,121,18,2024-03-18,2024-03-22,,returned
573,77,16,2025-04-05,,,delivered
574,69,17,2024-06-30,2024-07-13,2024-07-18,delivered
575,291,2,2024-02-12,,,paid
576,111,9,2024-05-02,2024-05-04,2024-05-10,shipped
577,185,18,2024-07-24,2024-07-29,2024-08-05,paid
578,445,20,2023-07-23,2023-08-03,2023-08-06,returned
579,146,12,2023-11-29,2023-12-07,2023-12-15,cancelled
580,196,20,2023-10-21,2023-10-24,2023-10-30,delivered
581,314,19,2024-02-19,2024-02-21,,delivered
582,161,11,2024-10-30,2024-11-04,2024-11-11,shipped
583,228,12,2025-02-04,2025-02-12,2025-02-15,cancelled
584,65,8,2024-11-08,2024-11-20,2024-11-22,shipped
585,204,4,2023-04-08,,,cancelled
586,281,2,2023-01-27,2023-02-05,2023-02-07,paid
587,317,5,2023-03-28,2023-04-04,2023-04-08,delivered
588,227,5,2023-05-15,2023-05-18,,delivered
589,441,11,2025-06-03,2025-06-17,2025-06-22,delivered
590,70,18,2023-07-01,2023-07-09,2023-07-19,delivered
591,328,18,2023-11-14,2023-11-22,2023-11-24,delivered
592,188,14,2023-09-24,,,created
593,268,5,2023-12-19,2023-12-28,,cancelled
594,485,16,2023-11-03,,,delivered
595,150,20,2023-08-25,2023-09-03,2023-09-10,cancelled
596,224,13,2023-09-13,,,delivered
597,200,13,2023-08-14,2023-08-21,2023-08-30,delivered
598,466,20,2025-04-06,2025-04-11,2025-04-20,delivered
599,212,7,2025-05-23,,,paid
600,57,15,2024-09-24,2024-10-06,2024-10-10,delivered
601,78,2,2025-09-19,2025-09-22,2025-09-27,shipped
602,367,15,2025-01-14,,,paid
603,8,16,2023-08-11,2023-08-16,2023-08-24,returned
604,238,2,2023-12-05,,,delivered
605,75,2,2023-09-30,2023-10-02,2023-10-05,paid
606,431,9,2025-04-16,2025-04-17,,delivered
607,128,13,2025-02-28,2025-03-04,2025-03-05,paid
608,377,4,2024-06-17,2024-06-21,2024-06-26,cancelled
609,82,2,2025-02-01,2025-02-10,,delivered
610,153,7,2024-01-05,2024-01-19,2024-01-21,shipped
611,223,11,2023-01-16,,,shipped
612,62,13,2025-03-19,2025-03-20,2025-03-28,delivered
613,80,12,2025-02-28,,,paid
614,47,20,2023-12-13,2023-12-26,2023-12-27,delivered
615,79,18,2025-03-21,,,delivered
616,163,18,2025-03-18,2025-03-24,2025-04-01,delivered
617,11,13,2024-01-02,2024-01-07,2024-01-15,delivered
618,287,10,2024-07-09,2024-07-13,2024-07-22,delivered
619,375,15,2023-10-09,2023-10-19,2023-10-28,paid
620,272,5,2024-04-05,2024-04-10,2024-04-18,created
621,327,17,2024-01-24,2024-01-25,2024-01-31,delivered
622,123,11,2025-01-08,,,returned
623,420,13,2023-07-14,2023-07-22,2023-07-25,delivered
624,166,14,2024-10-18,2024-10-20,2024-10-22,created
625,481,5,2023-07-02,2023-07-06,,paid
626,17,19,2024-10-19,2024-10-30,2024-11-09,delivered
627,132,2,2024-01-11,2024-01-23,,cancelled
628,107,16,2025-08-08,2025-08-10,2025-08-11,delivered
629,381,14,2025-04-21,2025-05-03,,delivered
630,271,2,2025-01-21,,,delivered
631,484,7,2025-09-10,2025-09-12,2025-09-21,delivered
632,99,17,2024-11-03,2024-11-14,2024-11-23,delivered
633,213,4,2025-02-23,2025-03-01,2025-03-08,cancelled
634,86,6,2024-07-17,2024-07-23,2024-08-01,returned
635,227,12,2025-07-13,2025-07-19,2025-07-26,delivered
636,221,11,2024-09-15,2024-09-24,2024-10-03,cancelled
637,131,12,2025-09-11,2025-09-18,,created
638,146,20,2023-01-17,2023-01-22,,returned
639,110,11,2023-01-23,2023-02-04,2023-02-13,delivered
640,293,19,2023-06-08,,,delivered
641,80,5,2023-09-29,2023-10-09,2023-10-14,delivered
642,48,19,2024-02-14,2024-02-18,2024-02-24,delivered
643,89,16,2025-04-25,2025-05-07,2025-05-09,delivered
644,154,2,2025-01-18,2025-01-25,,paid
645,395,11,2023-12-23,2023-12-30,2024-01-01,cancelled
646,117,20,2025-08-08,,,delivered
647,196,2,2023-11-09,2023-11-15,2023-11-18,delivered
648,358,8,2023-06-06,,,delivered
649,202,15,2025-02-09,2025-02-18,,delivered
650,403,13,2023-06-01,,,paid
651,293,2,2024-07-15,2024-07-17,2024-07-24,delivered
652,67,5,2024-05-07,2024-05-15,2024-05-25,paid
653,316,17,2023-09-10,2023-09-15,2023-09-21,delivered
654,295,3,2023-04-26,2023-05-03,2023-05-07,delivered
655,305,1,2025-02-27,2025-03-05,2025-03-13,delivered
656,226,2,2025-08-04,2025-08-08,2025-08-11,delivered
657,437,3,2023-04-26,2023-04-30,2023-05-03,cancelled
658,420,10,2023-01-15,2023-01-28,,delivered
659,12,11,2023-08-03,2023-08-07,2023-08-16,delivered
660,281,16,2024-09-29,2024-10-02,2024-10-03,delivered
661,464,17,2023-02-14,2023-02-15,2023-02-25,shipped
662,239,1,2023-03-10,2023-03-15,2023-03-21,cancelled
663,10,10,2025-06-07,2025-06-14,2025-06-21,delivered
664,364,4,2025-07-14,2025-07-28,2025-07-30,paid
665,257,15,2024-07-28,2024-07-29,,cancelled
666,157,11,2024-05-16,2024-05-19,,delivered
667,182,10,2023-08-30,2023-09-08,2023-09-09,delivered
668,450,13,2025-06-30,2025-07-01,2025-07-06,shipped
669,175,13,2024-11-03,,,delivered
670,267,20,2025-06-12,2025-06-16,2025-06-26,paid
671,497,10,2025-07-20,2025-07-28,2025-08-01,delivered
672,298,18,2024-12-01,2024-12-15,,delivered
673,461,17,2025-07-20,,,returned
674,500,5,2024-11-02,2024-11-05,2024-11-14,delivered
675,369,4,2023-07-08,2023-07-11,2023-07-17,cancelled
676,212,14,2023-11-07,2023-11-21,2023-11-26,paid
677,97,4,2023-05-15,,,delivered
678,314,20,2023-10-01,2023-10-11,2023-10-15,shipped
679,14,12,2023-03-23,2023-03-31,,delivered
680,241,12,2023-07-08,2023-07-16,2023-07-19,paid
681,17,14,2025-02-21,2025-02-26,2025-03-02,delivered
682,104,7,2023-03-09,,,returned
683,225,20,2024-05-16,2024-05-30,2024-06-03,delivered
684,398,2,2024-09-14,2024-09-21,2024-09-28,delivered
685,381,19,2024-08-31,2024-09-11,2024-09-12,delivered
686,232,15,2025-04-26,2025-04-30,2025-05-07,returned
687,21,18,2024-02-01,2024-02-12,2024-02-16,shipped
688,204,10,2025-03-03,2025-03-11,2025-03-16,delivered
689,28,17,2025-07-14,,,delivered
690,232,3,2025-01-09,2025-01-12,2025-01-21,paid
691,212,11,2024-04-06,,,delivered
692,460,7,2025-06-22,2025-06-27,2025-06-30,delivered
693,64,3,2023-04-27,2023-05-08,2023-05-17,delivered
694,373,17,2024-09-18,2024-09-25,2024-09-26,delivered
695,468,11,2024-08-02,2024-08-16,2024-08-19,paid
696,365,2,2024-03-05,2024-03-17,2024-03-25,shipped
697,93,4,2025-07-09,,,shipped
698,319,9,2023-01-13,2023-01-27,2023-01-28,delivered
699,253,8,2023-08-11,2023-08-19,2023-08-27,paid
700,308,1,2023-09-08,2023-09-13,2023-09-22,delivered
701,107,2,2023-07-09,,,delivered
702,19,5,2025-05-24,,,delivered
703,309,10,2023-12-06,2023-12-07,,returned
704,83,10,2024-09-17,2024-09-29,2024-10-08,paid
705,234,19,2024-01-04,2024-01-06,2024-01-12,delivered
706,195,3,2025-02-15,2025-02-24,,delivered
707,63,9,2023-12-04,2023-12-13,2023-12-17,delivered
708,56,19,2025-01-17,2025-01-26,2025-02-03,delivered
709,310,10,2024-03-13,2024-03-19,2024-03-29,returned
710,182,5,2024-09-21,2024-09-30,2024-10-08,delivered
711,93,20,2023-08-27,2023-08-31,,created
712,321,4,2025-01-25,2025-02-07,2025-02-14,delivered
713,171,12,2024-07-27,2024-07-31,,shipped
714,145,9,2025-03-20,,,delivered
715,282,11,2025-02-24,,,delivered
716,175,13,2025-01-11,2025-01-12,2025-01-16,delivered
717,174,16,2025-07-27,2025-07-28,2025-08-05,paid
718,236,18,2025-07-06,2025-07-19,2025-07-20,delivered
719,154,19,2025-01-12,2025-01-21,2025-01-25,delivered
720,170,12,2023-03-09,2023-03-14,2023-03-20,returned
721,321,18,2025-05-12,,,delivered
722,96,20,2023-04-30,2023-05-13,2023-05-19,delivered
723,140,14,2023-03-30,2023-04-03,2023-04-08,shipped
724,155,6,2023-04-25,2023-04-26,2023-04-28,delivered
725,13,16,2025-07-15,2025-07-19,2025-07-27,delivered
726,269,10,2025-03-05,2025-03-18,2025-03-27,delivered
727,68,7,2025-01-11,,,delivered
728,443,17,2023-04-29,,,cancelled
729,352,20,2025-06-11,,,delivered
730,24,4,2024-06-17,2024-06-29,2024-07-09,delivered
731,328,7,2023-11-25,2023-11-30,2023-12-06,delivered
732,344,4,2023-10-07,,,shipped
733,8,20,2024-07-27,2024-07-31,2024-08-09,delivered
734,73,10,2024-08-10,2024-08-12,2024-08-18,delivered
735,26,5,2023-01-30,2023-02-10,,delivered
736,45,14,2024-02-06,,,delivered
737,304,15,2024-09-23,2024-09-29,2024-10-08,paid
738,473,15,2024-08-04,,,delivered
739,471,15,2023-04-10,2023-04-21,2023-04-29,delivered
740,486,8,2023-05-28,2023-06-07,2023-06-13,delivered
741,359,11,2025-03-18,2025-03-24,2025-03-25,paid
742,58,12,2024-05-05,2024-05-08,2024-05-14,delivered
743,66,17,2023-04-16,2023-04-28,2023-05-04,delivered
744,37,10,2024-06-29,2024-07-09,2024-07-19,shipped
745,82,16,2024-01-29,,,shipped
746,356,19,2024-03-17,2024-03-24,2024-03-30,delivered
747,121,6,2024-11-09,2024-11-21,2024-12-01,delivered
748,59,19,2024-09-02,2024-09-11,,delivered
749,158,13,2023-03-13,2023-03-24,2023-03-31,delivered
750,331,2,2023-04-03,2023-04-06,2023-04-07,delivered
751,339,5,2024-04-08,2024-04-15,2024-04-23,paid
752,349,11,2023-11-03,2023-11-14,2023-11-21,delivered
753,469,12,2023-04-02,2023-04-12,2023-04-19,delivered
754,437,10,2023-03-05,2023-03-14,2023-03-15,delivered
755,421,12,2023-04-23,2023-05-07,,delivered
756,303,13,2024-10-02,2024-10-09,2024-10-16,delivered
757,340,6,2024-05-01,,,delivered
758,432,12,2025-05-10,2025-05-15,2025-05-18,paid
759,37,1,2023-05-28,2023-06-05,2023-06-08,paid
760,329,14,2025-05-30,2025-06-12,2025-06-19,delivered
761,233,17,2024-03-10,2024-03-18,2024-03-22,paid
762,310,1,2024-08-14,2024-08-26,2024-09-04,shipped
763,475,18,2024-08-13,2024-08-14,2024-08-20,paid
764,247,3,2023-05-26,2023-06-04,2023-06-09,delivered
765,41,17,2025-06-30,2025-07-04,2025-07-06,delivered
766,277,19,2023-11-16,2023-11-22,2023-11-23,delivered
767,263,16,2024-08-10,2024-08-17,2024-08-22,shipped
768,19,20,2025-02-06,2025-02-19,2025-02-20,delivered
769,297,6,2024-08-09,,,returned
770,415,20,2023-01-28,2023-01-30,,paid
771,402,9,2023-09-16,,,shipped
772,440,9,2023-01-15,2023-01-25,2023-02-04,delivered
773,338,15,2024-01-14,2024-01-19,2024-01-23,delivered
774,410,17,2025-06-01,,,returned
775,496,5,2024-09-01,2024-09-04,2024-09-11,delivered
776,122,15,2025-01-13,2025-01-17,2025-01-23,paid
777,136,4,2023-02-23,,,delivered
778,155,16,2025-02-03,2025-02-12,2025-02-19,delivered
779,75,17,2025-06-10,2025-06-15,2025-06-23,delivered
780,162,17,2024-11-30,2024-12-02,2024-12-08,returned
781,222,20,2025-07-29,2025-08-03,2025-08-08,delivered
782,131,19,2024-02-05,2024-02-16,2024-02-26,delivered
783,267,11,2024-11-24,2024-11-27,2024-11-28,delivered
784,426,3,2023-01-13,2023-01-22,,delivered
785,113,10,2023-09-15,,,created
786,48,2,2025-08-19,2025-09-02,2025-09-12,delivered
787,363,4,2023-03-30,2023-04-02,2023-04-12,delivered
788,95,4,2024-12-13,,,shipped
789,339,3,2024-10-16,2024-10-21,2024-10-27,shipped
790,400,3,2023-10-11,2023-10-18,2023-10-19,shipped
791,417,9,2023-07-02,2023-07-10,2023-07-14,delivered
792,92,16,2023-04-22,,,delivered
793,112,20,2024-10-20,,,delivered
794,133,4,2023-02-05,,,delivered
795,129,15,2023-01-20,2023-01-23,2023-01-24,cancelled
796,341,13,2023-09-30,,,delivered
797,201,19,2023-01-04,2023-01-17,2023-01-24,delivered
798,373,3,2024-07-07,2024-07-14,2024-07-22,paid
799,275,12,2023-12-08,2023-12-15,,returned
800,332,3,2024-01-10,2024-01-16,,delivered
801,393,10,2024-10-25,2024-11-03,,delivered
802,98,10,2024-12-13,2024-12-15,2024-12-21,delivered
803,454,15,2025-01-22,,,created
804,13,19,2023-09-02,2023-09-04,2023-09-09,delivered
805,495,15,2025-09-16,2025-09-17,2025-09-23,delivered
806,22,13,2023-05-02,2023-05-13,2023-05-21,cancelled
807,446,18,2023-06-02,2023-06-06,2023-06-07,delivered
808,251,1,2024-04-27,2024-05-07,,delivered
809,67,1,2023-06-26,2023-07-01,2023-07-03,delivered
810,88,19,2023-03-07,2023-03-09,,delivered
811,316,8,2023-03-06,2023-03-13,2023-03-20,delivered
812,500,19,2024-07-12,,,delivered
813,407,7,2025-02-21,,,paid
814,33,4,2023-10-08,,,delivered
815,357,12,2024-07-20,,,shipped
816,298,2,2023-05-17,,,delivered
817,314,13,2025-03-07,,,cancelled
818,42,1,2023-01-08,,,paid
819,334,19,2025-06-27,2025-07-09,2025-07-17,delivered
820,106,5,2024-10-17,2024-10-25,2024-10-28,delivered
821,20,20,2023-07-04,2023-07-14,2023-07-19,delivered
822,3,18,2023-08-30,,,returned
823,49,20,2024-01-06,2024-01-15,2024-01-23,delivered
824,338,7,2023-10-11,,,paid
825,77,16,2024-05-24,,,delivered
826,23,2,2024-10-22,2024-10-26,2024-11-01,delivered
827,456,15,2023-02-14,,,paid
828,276,6,2023-06-11,2023-06-19,2023-06-21,cancelled
829,370,15,2024-08-29,2024-09-05,2024-09-11,shipped
830,57,11,2023-08-22,,,delivered
831,446,7,2024-01-20,2024-01-22,2024-01-30,paid
832,224,5,2023-08-10,2023-08-18,2023-08-24,paid
833,369,7,2024-10-09,2024-10-14,2024-10-17,created
834,292,2,2023-10-15,,,cancelled
835,235,14,2023-06-25,2023-06-29,2023-07-09,paid
836,407,20,2025-07-16,,,returned
837,438,8,2023-03-30,2023-04-08,2023-04-12,delivered
838,429,15,2023-10-13,,,delivered
839,447,8,2023-09-11,2023-09-21,2023-10-01,cancelled
840,468,19,2025-07-08,,,returned
841,21,16,2025-01-21,2025-01-22,2025-01-29,delivered
842,409,4,2024-04-08,2024-04-10,2024-04-11,delivered
843,209,7,2023-05-16,2023-05-20,2023-05-22,created
844,343,10,2023-06-15,2023-06-29,2023-07-09,created
845,233,15,2025-03-01,,,delivered
846,95,12,2024-10-03,2024-10-14,,delivered
847,198,11,2024-06-27,,,delivered
848,139,20,2024-07-09,2024-07-13,2024-07-15,delivered
849,172,2,2024-06-11,2024-06-22,2024-06-23,paid
850,188,15,2024-09-25,,,delivered
851,332,18,2024-12-22,,,delivered
852,105,5,2023-12-09,2023-12-11,2023-12-21,cancelled
853,360,7,2025-02-10,2025-02-14,2025-02-19,delivered
854,217,9,2023-02-25,,,delivered
855,249,17,2024-06-23,2024-07-01,2024-07-10,cancelled
856,232,20,2024-01-12,2024-01-24,2024-01-26,paid
857,453,15,2023-03-31,,,cancelled
858,148,3,2023-04-22,,,paid
859,76,16,2023-06-04,2023-06-13,2023-06-14,shipped
860,497,18,2025-08-12,,,delivered
861,228,1,2023-10-26,,,created
862,411,8,2025-05-04,2025-05-15,2025-05-25,delivered
863,331,11,2024-05-12,2024-05-24,2024-06-02,delivered
864,156,19,2023-05-16,2023-05-21,2023-05-26,shipped
865,191,10,2025-02-27,2025-03-02,2025-03-10,returned
866,317,6,2024-12-29,2025-01-01,2025-01-04,paid
867,60,2,2023-11-21,2023-11-29,2023-12-02,shipped
868,363,2,2024-11-12,2024-11-18,,delivered
869,500,6,2024-06-30,2024-07-01,2024-07-09,delivered
870,486,15,2025-08-08,2025-08-09,2025-08-18,returned
871,170,10,2024-04-30,2024-05-13,2024-05-23,delivered
872,410,19,2025-01-16,2025-01-24,2025-01-26,delivered
873,461,2,2023-05-23,2023-05-25,2023-06-01,delivered
874,113,15,2024-01-01,,,paid
875,329,7,2024-08-20,2024-09-02,2024-09-07,paid
876,43,18,2025-05-19,2025-05-30,2025-06-08,delivered
877,252,11,2024-09-09,2024-09-10,2024-09-16,delivered
878,367,14,2024-01-14,2024-01-15,2024-01-21,delivered
879,229,18,2023-03-31,2023-04-08,2023-04-15,delivered
880,148,6,2025-04-05,2025-04-12,2025-04-19,paid
881,301,20,2023-03-30,,,delivered
882,445,17,2023-12-10,,,returned
883,388,13,2023-04-01,,,delivered
884,140,14,2023-06-29,2023-07-11,2023-07-14,paid
885,427,13,2023-10-24,2023-10-25,2023-10-30,delivered
886,156,16,2024-07-26,2024-07-30,,created
887,135,10,2025-09-05,2025-09-16,2025-09-21,delivered
888,252,8,2023-01-30,,,shipped
889,497,3,2024-09-05,2024-09-15,2024-09-22,cancelled
890,322,16,2025-09-24,2025-09-26,2025-10-06,created
891,133,6,2024-08-18,,,delivered
892,450,5,2024-01-01,,,shipped
893,215,12,2023-02-19,2023-02-28,2023-03-02,delivered
894,393,6,2025-02-22,,,delivered
895,279,11,2025-06-12,2025-06-26,2025-07-01,shipped
896,358,12,2023-04-09,2023-04-15,2023-04-16,paid
897,145,12,2025-03-08,2025-03-14,2025-03-17,paid
898,80,17,2023-08-15,2023-08-28,2023-09-07,delivered
899,488,17,2025-05-16,2025-05-25,2025-05-27,delivered
900,470,3,2023-04-30,2023-05-01,2023-05-06,delivered
901,72,15,2025-06-30,2025-07-09,2025-07-15,paid
902,156,1,2025-02-01,2025-02-05,,delivered
903,353,8,2023-11-11,,,paid
904,41,14,2024-12-08,2024-12-10,,delivered
905,388,14,2023-02-13,,,created
906,338,17,2024-08-30,,,paid
907,130,2,2023-03-09,2023-03-10,2023-03-12,cancelled
908,106,19,2025-07-11,2025-07-22,2025-07-24,paid
909,383,9,2025-08-29,2025-09-04,2025-09-13,delivered
910,314,8,2024-06-01,2024-06-03,2024-06-04,delivered
911,367,7,2025-09-14,2025-09-27,2025-09-29,cancelled
912,472,17,2025-05-21,2025-05-27,2025-05-30,delivered
913,491,4,2023-07-05,2023-07-12,2023-07-21,shipped
914,58,11,2023-05-07,2023-05-16,,delivered
915,361,10,2024-07-24,2024-07-26,2024-07-28,delivered
916,234,20,2025-01-23,2025-02-06,2025-02-15,delivered
917,438,14,2023-07-13,2023-07-27,2023-08-02,paid
918,346,16,2024-11-19,,,delivered
919,338,3,2023-05-03,,,delivered
920,303,4,2025-01-29,2025-02-01,,returned
921,174,7,2024-09-01,2024-09-08,,delivered
922,372,16,2023-10-13,2023-10-26,2023-10-31,delivered
923,411,13,2023-12-31,2024-01-10,2024-01-18,delivered
924,76,15,2023-04-21,,,delivered
925,119,5,2023-01-31,,,paid
926,35,16,2024-11-25,,,paid
927,310,11,2023-06-06,2023-06-16,,paid
928,385,17,2025-02-24,2025-03-04,2025-03-12,delivered
929,134,18,2023-12-18,2023-12-27,2023-12-28,returned
930,451,4,2024-01-28,2024-02-11,2024-02-19,created
931,91,18,2024-11-06,2024-11-11,2024-11-14,delivered
932,69,10,2025-01-02,2025-01-15,,delivered
933,338,18,2024-12-02,2024-12-10,2024-12-13,delivered
934,201,9,2024-05-21,2024-05-28,2024-06-03,delivered
935,146,11,2023-03-04,,,created
936,429,12,2023-12-24,2024-01-03,,cancelled
937,175,13,2023-04-10,2023-04-16,2023-04-17,delivered
938,127,8,2024-10-25,2024-10-27,2024-10-29,cancelled
939,59,11,2023-06-23,,,delivered
940,236,14,2024-08-04,2024-08-11,2024-08-19,delivered
941,163,13,2024-08-07,2024-08-17,,delivered
942,354,7,2023-12-11,2023-12-24,2023-12-30,paid
943,154,12,2025-09-19,2025-09-27,2025-09-29,delivered
944,275,7,2023-10-22,2023-10-27,2023-11-03,delivered
945,320,3,2025-01-04,2025-01-06,2025-01-11,paid
946,411,17,2024-05-01,2024-05-07,2024-05-12,delivered
947,154,14,2024-11-10,2024-11-14,2024-11-19,delivered
948,233,18,2023-07-04,2023-07-15,2023-07-18,delivered
949,110,15,2023-10-02,2023-10-11,2023-10-18,cancelled
950,373,2,2024-06-18,2024-06-26,,paid
951,351,10,2025-05-14,2025-05-20,2025-05-22,delivered
952,434,14,2023-10-01,2023-10-12,2023-10-22,shipped
953,123,4,2023-06-03,,,shipped
954,424,10,2024-04-20,2024-04-27,2024-04-28,shipped
955,140,5,2023-01-30,2023-02-12,2023-02-21,paid
956,437,2,2025-09-13,2025-09-26,,cancelled
957,43,11,2024-09-08,2024-09-10,2024-09-17,cancelled
958,344,3,2024-02-11,2024-02-23,2024-02-27,paid
959,377,17,2025-08-13,,,delivered
960,298,17,2023-09-15,2023-09-17,2023-09-19,delivered
961,161,11,2025-05-02,2025-05-09,2025-05-13,cancelled
962,112,5,2023-04-20,,,returned
963,226,14,2023-09-18,2023-09-19,2023-09-25,delivered
964,58,11,2024-07-12,2024-07-23,2024-07-28,cancelled
965,480,5,2024-01-07,2024-01-13,2024-01-14,delivered
966,464,20,2023-02-05,2023-02-16,2023-02-17,delivered
967,404,8,2023-09-17,2023-09-22,2023-09-28,cancelled
968,351,4,2024-07-01,2024-07-15,2024-07-16,cancelled
969,202,9,2023-11-05,,,delivered
970,121,10,2023-08-04,2023-08-07,2023-08-13,cancelled
971,393,14,2025-03-19,,,cancelled
972,422,16,2024-04-27,2024-05-11,2024-05-18,cancelled
973,420,4,2025-04-24,,,shipped
974,34,12,2024-03-06,2024-03-20,2024-03-26,delivered
975,15,2,2024-10-18,2024-10-29,2024-11-01,created
976,103,10,2023-11-18,2023-11-20,2023-11-29,delivered
977,394,5,2025-05-17,2025-05-24,2025-05-30,delivered
978,448,5,2023-09-24,,,delivered
979,168,10,2023-07-23,,,delivered
980,202,13,2025-08-25,2025-09-04,2025-09-05,cancelled
981,332,20,2024-10-03,2024-10-05,2024-10-09,shipped
982,437,6,2023-02-20,2023-02-27,2023-03-02,paid
983,189,6,2025-08-27,2025-08-28,2025-09-04,delivered
984,476,15,2025-04-27,2025-04-29,2025-05-03,paid
985,442,9,2023-10-22,2023-10-29,,cancelled
986,308,7,2025-04-23,2025-05-04,2025-05-07,delivered
987,75,1,2023-10-25,2023-10-29,2023-11-02,delivered
988,351,15,2023-03-29,,,paid
989,166,13,2024-12-04,2024-12-11,2024-12-21,shipped
990,49,18,2023-03-02,,,cancelled
991,242,12,2024-09-12,2024-09-25,2024-09-26,created
992,259,20,2024-01-26,2024-02-02,2024-02-05,returned
993,287,2,2024-08-17,,,paid
994,253,11,2025-06-17,2025-06-19,2025-06-28,delivered
995,134,4,2023-11-17,,,paid
996,447,9,2025-02-04,2025-02-11,2025-02-16,delivered
997,390,9,2024-06-13,2024-06-16,2024-06-24,delivered
998,78,18,2025-05-23,2025-06-03,2025-06-04,paid
999,28,8,2023-07-07,,,shipped
1000,362,15,2024-03-22,,,cancelled
1001,254,2,2024-03-28,2024-04-09,2024-04-17,delivered
1002,434,5,2023-05-07,2023-05-11,2023-05-14,delivered
1003,384,17,2025-04-22,2025-05-03,2025-05-13,returned
1004,3,17,2025-02-24,2025-03-03,2025-03-07,delivered
1005,347,4,2025-06-27,2025-07-02,2025-07-04,delivered
1006,303,4,2025-05-07,2025-05-08,,delivered
1007,338,16,2024-04-09,2024-04-14,2024-04-15,delivered
1008,23,20,2025-08-31,2025-09-12,2025-09-22,paid
1009,442,2,2025-03-31,2025-04-06,2025-04-08,delivered
1010,309,13,2023-04-05,2023-04-08,2023-04-15,paid
1011,437,7,2023-06-16,2023-06-23,2023-06-26,paid
1012,252,14,2025-01-23,2025-01-28,2025-02-07,paid
1013,341,4,2025-05-02,2025-05-06,2025-05-13,delivered
1014,289,20,2024-03-09,,,delivered
1015,189,20,2023-07-10,2023-07-17,,delivered
1016,499,15,2024-11-23,2024-12-04,2024-12-12,delivered
1017,332,17,2023-03-27,2023-04-03,,delivered
1018,154,5,2023-05-11,2023-05-16,2023-05-25,delivered
1019,292,2,2024-07-18,,,created
1020,56,17,2024-03-11,2024-03-19,2024-03-29,delivered
1021,182,9,2024-08-22,,,delivered
1022,59,15,2023-07-03,2023-07-17,2023-07-19,delivered
1023,361,10,2023-11-18,2023-11-26,2023-12-04,delivered
1024,136,11,2025-09-16,2025-09-29,2025-10-02,paid
1025,310,9,2025-06-11,2025-06-18,2025-06-19,delivered
1026,7,6,2024-11-02,2024-11-14,2024-11-24,delivered
1027,156,20,2025-04-12,2025-04-18,2025-04-25,delivered
1028,45,5,2023-05-19,,,paid
1029,9,7,2025-05-29,,,delivered
1030,75,8,2024-03-22,2024-04-05,2024-04-09,paid
1031,395,15,2023-06-01,2023-06-02,,cancelled
1032,379,15,2025-09-13,2025-09-14,2025-09-24,shipped
1033,151,19,2025-04-29,2025-04-30,2025-05-02,delivered
1034,366,14,2024-03-01,2024-03-13,2024-03-22,returned
1035,19,16,2024-02-14,2024-02-24,2024-03-03,shipped
1036,32,17,2023-01-20,2023-01-26,2023-01-31,cancelled
1037,214,16,2023-04-30,2023-05-11,2023-05-18,created
1038,148,7,2024-04-25,2024-04-29,2024-05-09,cancelled
1039,174,20,2025-05-23,2025-06-03,2025-06-08,delivered
1040,200,14,2025-05-03,2025-05-14,2025-05-22,delivered
1041,433,6,2024-09-28,2024-10-10,2024-10-18,paid
1042,103,6,2024-09-12,2024-09-25,2024-10-03,delivered
1043,108,18,2023-02-18,2023-02-24,2023-03-02,delivered
1044,90,17,2023-02-02,2023-02-08,2023-02-18,shipped
1045,288,8,2024-05-13,2024-05-19,2024-05-20,delivered
1046,286,9,2025-07-06,,,delivered
1047,264,20,2024-11-16,,,paid
1048,485,15,2025-03-29,2025-04-12,2025-04-14,delivered
1049,313,4,2025-04-23,2025-05-02,,delivered
1050,446,7,2025-07-21,2025-08-02,2025-08-10,delivered
1051,256,4,2023-06-07,2023-06-13,2023-06-15,delivered
1052,225,14,2025-02-26,2025-03-02,2025-03-10,delivered
1053,259,6,2023-03-29,2023-04-10,2023-04-16,delivered
1054,126,5,2025-02-10,2025-02-17,2025-02-20,delivered
1055,212,14,2025-07-08,2025-07-22,2025-07-28,cancelled
1056,227,5,2025-02-27,,,delivered
1057,484,3,2023-03-28,2023-04-04,2023-04-07,delivered
1058,202,2,2024-11-07,2024-11-10,2024-11-11,returned
1059,366,17,2025-09-23,2025-09-30,2025-10-09,cancelled
1060,370,11,2025-07-20,2025-08-03,2025-08-12,delivered
1061,76,13,2024-04-01,2024-04-10,2024-04-20,delivered
1062,358,12,2025-06-27,2025-07-08,2025-07-12,cancelled
1063,44,2,2024-07-04,2024-07-16,2024-07-19,delivered
1064,277,10,2023-08-07,,,delivered
1065,267,11,2025-02-14,2025-02-15,,delivered
1066,304,9,2023-09-05,2023-09-10,2023-09-19,paid
1067,31,12,2023-09-23,2023-09-29,,delivered
1068,482,4,2024-04-04,2024-04-16,,delivered
1069,121,19,2024-08-02,2024-08-13,2024-08-23,shipped
1070,154,10,2024-11-13,2024-11-25,2024-11-28,delivered
1071,267,8,2023-04-18,2023-04-28,2023-05-04,delivered
1072,76,14,2025-04-28,2025-04-30,,cancelled
1073,244,7,2024-04-01,,,delivered
1074,207,19,2024-07-26,2024-08-02,2024-08-12,delivered
1075,217,15,2024-12-06,2024-12-14,2024-12-21,delivered
1076,74,17,2023-05-11,2023-05-19,,delivered
1077,442,17,2023-05-01,2023-05-09,2023-05-12,cancelled
1078,190,4,2024-09-08,2024-09-10,,delivered
1079,21,17,2023-06-06,,,delivered
1080,192,10,2023-10-29,2023-11-11,,delivered
1081,216,2,2025-08-17,2025-08-22,2025-08-30,created
1082,281,12,2023-03-11,2023-03-18,2023-03-23,delivered
1083,461,11,2025-03-11,2025-03-25,2025-04-04,paid
1084,71,17,2024-10-13,2024-10-21,2024-10-24,cancelled
1085,167,3,2025-03-30,2025-04-09,2025-04-13,cancelled
1086,174,18,2023-02-16,2023-02-24,2023-02-26,cancelled
1087,363,1,2024-08-08,2024-08-21,2024-08-30,delivered
1088,330,18,2023-03-29,,,delivered
1089,296,2,2025-09-07,2025-09-11,2025-09-20,cancelled
1090,62,18,2023-07-04,2023-07-09,2023-07-13,delivered
1091,430,19,2024-03-30,,,delivered
1092,165,13,2024-08-26,,,cancelled
1093,12,11,2024-03-23,,,created
1094,271,11,2024-01-27,2024-01-29,2024-02-07,paid
1095,74,6,2023-09-19,2023-09-22,2023-09-29,delivered
1096,31,20,2025-09-11,2025-09-12,2025-09-17,delivered
1097,164,5,2024-02-27,2024-03-03,2024-03-05,paid
1098,123,20,2024-08-23,2024-09-01,2024-09-08,cancelled
1099,138,2,2023-11-22,2023-11-29,,created
1100,325,8,2025-07-24,2025-07-29,2025-08-08,delivered
1101,127,18,2024-10-29,2024-11-03,2024-11-11,paid
1102,326,17,2023-07-28,2023-07-31,2023-08-03,delivered
1103,276,14,2025-09-11,2025-09-19,,delivered
1104,493,20,2023-10-24,2023-10-27,,cancelled
1105,247,9,2024-09-04,2024-09-15,2024-09-21,delivered
1106,109,19,2025-05-10,2025-05-11,2025-05-20,delivered
1107,154,3,2024-02-09,2024-02-23,,delivered
1108,144,14,2023-08-04,2023-08-17,2023-08-23,delivered
1109,386,15,2023-10-07,2023-10-13,2023-10-21,returned
1110,169,1,2025-07-24,2025-08-04,2025-08-14,delivered
1111,462,1,2024-11-19,,,delivered
1112,357,16,2025-02-19,2025-02-21,2025-02-23,delivered
1113,457,15,2024-11-19,,,returned
1114,193,20,2024-01-02,2024-01-16,2024-01-17,paid
1115,190,7,2024-03-31,,,delivered
1116,389,9,2024-11-27,2024-12-03,2024-12-13,delivered
1117,414,8,2023-08-28,2023-09-03,,delivered
1118,361,20,2023-08-03,,,returned
1119,327,13,2023-04-24,2023-05-04,2023-05-07,delivered
1120,338,19,2024-11-19,2024-11-29,2024-12-09,paid
1121,34,5,2023-09-23,2023-10-07,2023-10-16,delivered
1122,141,7,2025-05-18,2025-05-30,2025-06-09,shipped
1123,287,15,2023-01-03,2023-01-14,2023-01-15,cancelled
1124,166,14,2025-05-14,2025-05-19,,delivered
1125,254,12,2024-06-13,2024-06-25,2024-06-30,cancelled
1126,273,15,2023-11-20,,,paid
1127,42,19,2025-04-07,,,delivered
1128,354,14,2025-09-07,,,shipped
1129,85,11,2023-11-15,,,delivered
1130,15,16,2024-03-18,2024-03-28,2024-04-03,delivered
1131,127,4,2024-04-29,2024-05-05,2024-05-11,delivered
1132,122,3,2025-03-05,2025-03-13,2025-03-21,delivered
1133,44,2,2025-07-27,,,delivered
1134,435,3,2025-03-12,,,cancelled
1135,227,2,2023-11-05,2023-11-12,,delivered
1136,287,2,2023-10-29,2023-11-05,,delivered
1137,120,20,2025-03-17,2025-03-18,2025-03-26,delivered
1138,451,20,2024-09-26,,,delivered
1139,346,1,2024-04-09,2024-04-19,2024-04-21,created
1140,366,3,2024-08-30,2024-09-03,2024-09-06,delivered
1141,132,12,2024-03-07,2024-03-17,2024-03-21,paid
1142,23,2,2023-05-11,2023-05-18,2023-05-24,delivered
1143,454,18,2025-03-05,,,delivered
1144,309,11,2023-10-26,2023-10-27,2023-10-30,paid
1145,260,18,2025-05-29,,,delivered
1146,500,7,2024-10-17,2024-10-30,,paid
1147,244,15,2024-09-06,2024-09-20,2024-09-26,delivered
1148,215,11,2023-06-16,,,cancelled
1149,467,2,2024-05-22,2024-05-23,2024-05-27,delivered
1150,110,8,2024-05-07,2024-05-21,2024-05-28,shipped
1151,95,1,2024-01-07,,,delivered
1152,285,4,2023-05-26,2023-05-30,2023-06-05,created
1153,16,7,2023-07-22,2023-07-26,2023-07-29,delivered
1154,284,8,2023-07-02,,,paid
1155,135,4,2023-01-22,2023-01-25,2023-01-27,delivered
1156,108,10,2024-04-12,2024-04-25,2024-04-28,cancelled
1157,410,20,2025-06-21,2025-07-03,,paid
1158,474,5,2025-03-24,,,delivered
1159,356,12,2023-11-22,2023-12-03,2023-12-04,delivered
1160,301,7,2025-05-24,2025-06-06,,shipped
1161,323,9,2025-06-12,,,delivered
1162,300,16,2023-08-03,2023-08-16,2023-08-26,paid
1163,261,13,2025-02-08,2025-02-21,2025-03-01,delivered
1164,92,11,2024-12-30,2025-01-11,2025-01-19,delivered
1165,298,13,2024-10-15,2024-10-25,2024-10-29,shipped
1166,104,15,2025-06-02,2025-06-06,2025-06-13,delivered
1167,479,12,2023-09-18,2023-09-21,2023-09-26,delivered
1168,181,8,2024-08-20,,,delivered
1169,173,14,2024-04-06,2024-04-13,2024-04-21,delivered
1170,196,1,2023-07-03,2023-07-08,2023-07-14,cancelled
1171,151,17,2024-06-09,2024-06-11,2024-06-15,paid
1172,37,12,2023-02-09,2023-02-15,2023-02-21,shipped
1173,382,9,2023-07-15,2023-07-18,2023-07-27,cancelled
1174,5,10,2023-10-16,2023-10-29,2023-11-05,delivered
1175,388,1,2024-04-28,2024-05-11,2024-05-18,shipped
1176,371,7,2024-04-30,2024-05-10,2024-05-18,delivered
1177,237,11,2025-03-21,,,delivered
1178,220,14,2023-08-03,2023-08-17,2023-08-23,paid
1179,448,5,2023-11-09,2023-11-10,2023-11-16,delivered
1180,215,14,2024-12-03,2024-12-16,2024-12-25,shipped
1181,301,1,2024-08-04,2024-08-07,2024-08-13,delivered
1182,410,20,2025-07-24,2025-08-07,2025-08-14,shipped
1183,201,3,2024-07-01,2024-07-09,,delivered
1184,232,10,2023-04-06,,,delivered
1185,91,2,2025-04-26,2025-05-04,,paid
1186,467,13,2023-10-18,2023-10-23,2023-10-25,delivered
1187,189,17,2023-01-12,,,cancelled
1188,211,13,2023-06-10,2023-06-13,2023-06-21,delivered
1189,200,7,2023-05-14,2023-05-19,2023-05-27,paid
1190,295,10,2024-08-24,2024-09-05,2024-09-10,shipped
1191,74,15,2023-03-07,2023-03-17,2023-03-26,delivered
1192,292,16,2024-04-16,2024-04-17,2024-04-22,delivered
1193,471,15,2023-12-22,2024-01-03,2024-01-10,delivered
1194,415,6,2024-03-01,2024-03-11,2024-03-19,delivered
1195,338,6,2024-12-16,2024-12-23,2024-12-24,shipped
1196,446,6,2023-10-08,2023-10-17,2023-10-19,delivered
1197,370,7,2025-07-19,2025-08-01,2025-08-07,paid
1198,54,17,2025-02-23,2025-03-02,2025-03-07,shipped
1199,23,15,2023-01-28,,,delivered
1200,384,15,2024-01-26,2024-02-02,2024-02-09,created
1201,129,4,2024-12-27,2025-01-02,2025-01-10,delivered
1202,35,3,2024-07-15,2024-07-27,2024-07-30,delivered
1203,143,6,2023-06-24,2023-07-04,,shipped
1204,274,13,2023-06-22,,,delivered
1205,347,9,2023-06-07,2023-06-10,2023-06-11,cancelled
1206,273,7,2024-03-28,2024-04-11,2024-04-20,delivered
1207,367,4,2024-02-04,2024-02-12,,created
1208,396,13,2025-02-24,2025-02-28,2025-03-04,paid
1209,9,14,2023-01-29,2023-02-04,2023-02-06,shipped
1210,452,4,2025-03-27,2025-04-07,2025-04-10,created
1211,263,4,2025-04-15,2025-04-24,2025-05-04,shipped
1212,278,13,2025-08-19,2025-08-23,2025-08-29,delivered
1213,8,13,2024-10-31,2024-11-07,2024-11-11,paid
1214,418,9,2024-10-27,2024-10-28,,shipped
1215,155,20,2024-05-26,2024-05-28,2024-06-07,paid
1216,492,4,2024-09-06,2024-09-17,2024-09-20,delivered
1217,326,11,2025-05-21,2025-05-23,2025-06-02,cancelled
1218,230,13,2024-06-07,2024-06-11,2024-06-12,shipped
1219,316,4,2023-11-13,2023-11-20,2023-11-30,paid
1220,71,12,2024-05-25,2024-05-28,2024-05-29,shipped
1221,372,20,2025-08-26,2025-09-01,,delivered
1222,403,2,2024-06-17,2024-06-24,2024-06-29,delivered
1223,118,11,2023-12-17,2023-12-26,,cancelled
1224,128,8,2024-09-14,2024-09-23,2024-10-01,delivered
1225,34,16,2023-03-13,2023-03-14,2023-03-17,cancelled
1226,65,3,2023-06-27,2023-07-11,2023-07-15,shipped
1227,41,14,2025-01-12,2025-01-15,2025-01-19,delivered
1228,311,8,2023-11-07,2023-11-15,2023-11-19,shipped
1229,401,16,2023-03-23,2023-03-29,2023-04-01,delivered
1230,217,17,2024-09-16,2024-09-29,2024-10-07,created
1231,196,14,2025-05-24,,,cancelled
1232,154,20,2024-07-04,,,delivered
1233,132,13,2024-04-19,2024-04-24,2024-05-04,delivered
1234,171,5,2025-01-02,2025-01-05,2025-01-06,created
1235,257,12,2024-05-18,2024-05-25,2024-05-31,delivered
1236,158,19,2023-03-14,2023-03-15,2023-03-17,delivered
1237,290,6,2023-07-18,2023-07-23,2023-07-29,delivered
1238,251,12,2024-12-14,,,delivered
1239,218,8,2023-09-06,2023-09-20,2023-09-21,delivered
1240,331,5,2023-09-25,2023-10-06,,shipped
1241,297,6,2023-01-13,,,paid
1242,365,13,2024-02-12,2024-02-14,2024-02-18,cancelled
1243,85,14,2023-09-16,2023-09-25,2023-10-02,delivered
1244,376,14,2025-02-09,2025-02-21,2025-02-23,delivered
1245,398,12,2025-04-13,,,delivered
1246,477,13,2024-12-16,2024-12-19,2024-12-20,paid
1247,397,14,2024-06-21,2024-06-26,2024-06-29,paid
1248,96,5,2023-07-22,2023-07-31,2023-08-08,delivered
1249,109,6,2023-07-25,,,paid
1250,389,7,2023-09-23,2023-10-07,2023-10-17,paid
1251,326,6,2023-03-23,2023-03-30,,paid
1252,16,19,2023-08-29,2023-09-09,2023-09-10,paid
1253,385,1,2024-11-12,2024-11-13,,delivered
1254,4,13,2024-09-09,2024-09-22,2024-09-30,delivered
1255,173,20,2024-03-15,2024-03-26,2024-04-01,delivered
1256,482,12,2024-11-12,2024-11-22,,delivered
1257,170,4,2023-01-04,2023-01-16,2023-01-19,created
1258,63,17,2023-10-14,2023-10-27,2023-11-02,delivered
1259,352,16,2024-06-11,2024-06-15,,delivered
1260,483,11,2023-01-18,2023-02-01,,delivered
1261,167,15,2023-08-28,2023-09-04,2023-09-06,delivered
1262,481,16,2024-11-05,2024-11-07,2024-11-12,delivered
1263,365,5,2025-06-09,2025-06-19,2025-06-28,created
1264,255,3,2023-11-05,2023-11-14,2023-11-22,paid
1265,229,4,2024-05-08,2024-05-12,2024-05-15,delivered
1266,338,3,2023-04-19,2023-05-01,,cancelled
1267,168,13,2025-02-23,2025-03-07,2025-03-15,returned
1268,344,4,2024-11-12,,,delivered
1269,372,16,2023-04-03,2023-04-09,2023-04-19,delivered
1270,308,3,2024-10-21,2024-11-02,2024-11-09,delivered
1271,402,18,2025-09-16,2025-09-29,2025-10-04,paid
1272,45,4,2023-04-02,2023-04-12,2023-04-14,delivered
1273,66,11,2025-09-03,2025-09-15,,paid
1274,275,7,2025-05-17,2025-05-24,2025-05-30,delivered
1275,479,5,2024-06-16,2024-06-26,2024-07-03,created
1276,437,15,2023-11-20,,,cancelled
1277,429,8,2024-05-26,2024-05-29,2024-06-01,delivered
1278,435,2,2024-09-05,2024-09-14,2024-09-16,shipped
1279,435,19,2024-05-04,2024-05-08,2024-05-15,paid
1280,415,11,2023-06-06,2023-06-10,2023-06-14,delivered
1281,27,6,2025-05-27,2025-06-03,2025-06-06,returned
1282,281,13,2023-12-12,2023-12-20,2023-12-27,delivered
1283,271,10,2023-10-17,2023-10-21,2023-10-30,delivered
1284,68,11,2025-02-09,2025-02-23,2025-02-28,delivered
1285,84,19,2023-05-21,2023-05-29,2023-06-01,shipped
1286,412,7,2025-01-22,2025-01-28,2025-02-07,paid
1287,403,5,2024-01-21,2024-01-28,2024-01-31,cancelled
1288,50,12,2025-09-24,2025-09-25,,delivered
1289,174,19,2024-03-20,2024-03-31,2024-04-04,created
1290,124,13,2024-05-15,2024-05-25,2024-06-01,delivered
1291,408,3,2025-03-07,2025-03-21,2025-03-26,delivered
1292,228,12,2023-01-12,,,paid
1293,251,17,2023-08-19,,,delivered
1294,294,16,2023-10-08,2023-10-10,2023-10-13,delivered
1295,331,14,2023-11-02,2023-11-04,2023-11-13,paid
1296,417,1,2024-02-08,2024-02-17,2024-02-26,delivered
1297,266,19,2024-07-05,2024-07-18,2024-07-22,returned
1298,460,4,2023-07-05,2023-07-17,2023-07-26,delivered
1299,161,4,2023-02-10,,,shipped
1300,83,3,2024-07-29,2024-08-11,,returned
1301,260,10,2024-01-08,2024-01-11,2024-01-12,shipped
1302,24,17,2025-07-15,2025-07-26,2025-07-29,delivered
1303,356,11,2024-06-19,2024-06-25,2024-07-04,shipped
1304,51,2,2023-08-31,,,paid
1305,439,7,2025-09-07,,,delivered
1306,303,12,2023-10-12,,,delivered
1307,39,18,2023-09-19,2023-09-30,2023-10-07,delivered
1308,484,9,2024-11-23,2024-12-05,,shipped
1309,323,9,2024-10-10,2024-10-14,2024-10-24,delivered
1310,421,17,2024-09-11,,,delivered
1311,162,14,2024-01-24,,,delivered
1312,40,9,2023-05-08,2023-05-19,2023-05-21,delivered
1313,46,12,2025-07-20,2025-07-25,,delivered
1314,141,1,2023-04-11,2023-04-15,2023-04-17,delivered
1315,64,6,2024-06-23,2024-06-28,2024-07-06,paid
1316,179,19,2025-06-05,2025-06-10,2025-06-11,paid
1317,485,13,2023-07-05,2023-07-17,2023-07-26,delivered
1318,452,13,2024-05-03,2024-05-08,,delivered
1319,80,5,2023-05-27,2023-06-08,2023-06-14,delivered
1320,128,20,2024-03-04,2024-03-07,2024-03-13,delivered
1321,258,10,2023-10-10,2023-10-19,2023-10-23,delivered
1322,440,3,2025-08-28,2025-09-10,2025-09-12,delivered
1323,40,8,2025-08-25,,,delivered
1324,44,10,2024-07-21,2024-08-03,2024-08-10,delivered
1325,478,5,2024-05-06,2024-05-17,2024-05-26,delivered
1326,208,1,2024-09-23,,,delivered
1327,4,14,2024-12-20,2024-12-26,2025-01-04,delivered
1328,22,20,2024-04-04,2024-04-15,2024-04-24,cancelled
1329,90,3,2024-01-11,2024-01-20,2024-01-21,delivered
1330,195,6,2024-01-18,2024-01-24,2024-01-28,delivered
1331,436,4,2023-10-25,2023-10-30,2023-10-31,delivered
1332,292,13,2023-08-11,2023-08-22,2023-08-23,cancelled
1333,457,20,2025-05-18,2025-05-24,,delivered
1334,153,12,2023-04-20,,,cancelled
1335,96,13,2023-12-30,,,delivered
1336,102,3,2024-06-25,2024-06-28,2024-07-06,created
1337,394,9,2023-08-20,2023-08-26,2023-09-02,cancelled
1338,275,9,2023-04-22,2023-05-03,2023-05-06,paid
1339,383,14,2023-01-06,2023-01-20,2023-01-22,paid
1340,21,5,2024-02-09,2024-02-15,2024-02-18,delivered
1341,486,16,2025-09-09,2025-09-14,,delivered
1342,254,5,2023-11-29,2023-12-12,2023-12-21,delivered
1343,380,13,2023-05-15,,,paid
1344,11,5,2023-06-09,2023-06-10,2023-06-14,paid
1345,425,11,2024-03-15,2024-03-27,,delivered
1346,145,16,2023-03-26,2023-03-30,2023-04-08,paid
1347,144,4,2025-06-03,2025-06-15,2025-06-22,paid
1348,362,4,2024-12-18,2024-12-28,2025-01-07,delivered
1349,77,8,2023-05-04,,,created
1350,99,5,2024-03-12,,,paid
1351,443,2,2024-01-25,2024-01-30,2024-02-03,shipped
1352,219,16,2023-03-04,2023-03-15,,paid
1353,187,9,2025-08-23,2025-08-30,2025-08-31,paid
1354,1,2,2024-11-07,2024-11-11,2024-11-16,cancelled
1355,52,14,2023-07-09,2023-07-17,2023-07-22,paid
1356,343,1,2024-11-30,2024-12-14,,delivered
1357,415,12,2025-01-30,2025-02-08,2025-02-12,delivered
1358,108,19,2024-01-29,,,paid
1359,323,20,2023-05-04,,,returned
1360,453,7,2023-07-17,2023-07-19,,delivered
1361,176,10,2025-01-12,2025-01-25,2025-01-28,created
1362,99,14,2024-07-17,2024-07-30,2024-08-08,returned
1363,459,12,2024-04-04,2024-04-06,2024-04-08,delivered
1364,269,17,2025-03-20,,,delivered
1365,357,5,2023-10-24,,,delivered
1366,407,7,2025-01-28,2025-02-05,2025-02-14,returned
1367,85,15,2025-02-07,2025-02-16,2025-02-23,delivered
1368,106,6,2023-01-04,,,shipped
1369,357,1,2025-06-19,2025-06-28,2025-07-07,shipped
1370,437,8,2023-10-31,2023-11-09,,shipped
1371,274,8,2023-10-26,,,paid
1372,453,9,2025-08-07,,,cancelled
1373,27,8,2025-04-23,2025-04-25,,delivered
1374,310,12,2023-11-29,,,delivered
1375,282,9,2025-01-09,,,cancelled
1376,151,11,2023-02-28,2023-03-01,2023-03-05,delivered
1377,144,6,2023-09-20,2023-09-29,2023-10-09,paid
1378,382,13,2025-08-26,2025-09-09,2025-09-19,delivered
1379,419,15,2023-08-14,2023-08-18,2023-08-25,paid
1380,119,14,2024-01-13,,,delivered
1381,254,6,2024-04-15,,,cancelled
1382,97,19,2024-05-17,2024-05-20,2024-05-21,delivered
1383,454,6,2025-04-17,2025-04-27,2025-04-30,paid
1384,126,15,2025-07-19,2025-07-26,,delivered
1385,373,1,2024-09-09,,,delivered
1386,57,1,2025-02-20,2025-02-21,,delivered
1387,138,5,2025-08-19,2025-08-20,2025-08-21,returned
1388,55,18,2025-01-23,2025-02-06,2025-02-10,paid
1389,389,19,2025-07-02,2025-07-05,2025-07-13,paid
1390,29,18,2024-12-09,2024-12-18,,delivered
1391,53,18,2023-10-31,,,cancelled
1392,213,5,2023-01-02,2023-01-03,2023-01-10,paid
1393,336,10,2023-08-20,2023-08-31,2023-09-02,delivered
1394,57,8,2023-04-15,2023-04-20,2023-04-30,delivered
1395,185,3,2025-07-06,,,paid
1396,220,17,2023-12-09,2023-12-20,2023-12-25,delivered
1397,147,12,2025-06-15,,,cancelled
1398,339,12,2025-08-13,2025-08-25,2025-08-26,cancelled
1399,77,5,2023-11-24,,,delivered
1400,408,16,2025-04-14,,,delivered
1401,492,9,2023-05-29,,,returned
1402,94,13,2023-12-28,2024-01-04,2024-01-11,delivered
1403,326,11,2023-05-22,2023-06-02,2023-06-09,delivered
1404,255,18,2024-06-30,2024-07-09,2024-07-16,paid
1405,367,14,2024-06-23,2024-07-05,2024-07-09,delivered
1406,121,12,2023-01-03,2023-01-17,,delivered
1407,491,5,2025-08-01,,,cancelled
1408,185,5,2023-10-29,2023-11-12,2023-11-19,shipped
1409,424,8,2023-02-27,2023-03-01,2023-03-04,delivered
1410,14,14,2024-01-16,,,paid
1411,298,3,2024-05-03,2024-05-17,2024-05-20,delivered
1412,41,8,2023-03-20,,,delivered
1413,214,5,2025-02-22,,,delivered
1414,384,17,2024-12-16,2024-12-24,2024-12-30,delivered
1415,331,1,2023-10-21,,,paid
1416,329,2,2024-09-10,2024-09-19,2024-09-26,delivered
1417,349,15,2024-07-21,2024-07-26,2024-08-04,delivered
1418,117,14,2025-08-11,,,returned
1419,268,13,2025-08-31,,,shipped
1420,317,2,2023-08-13,2023-08-27,2023-09-05,delivered
1421,40,15,2024-05-03,2024-05-14,2024-05-21,paid
1422,412,12,2024-10-24,2024-10-29,,paid
1423,309,11,2023-01-29,2023-02-01,2023-02-03,shipped
1424,6,10,2023-07-12,2023-07-23,2023-07-27,shipped
1425,292,19,2023-02-15,2023-02-28,2023-03-01,delivered
1426,484,10,2023-01-09,2023-01-22,2023-01-29,delivered
1427,162,13,2025-01-13,2025-01-16,2025-01-18,delivered
1428,460,17,2023-04-14,2023-04-27,2023-05-07,delivered
1429,245,19,2025-06-08,2025-06-13,2025-06-21,paid
1430,321,3,2025-09-02,2025-09-06,2025-09-09,delivered
1431,83,17,2024-06-12,2024-06-22,2024-06-28,delivered
1432,68,11,2023-10-25,2023-11-08,2023-11-09,cancelled
1433,397,13,2023-09-02,2023-09-12,2023-09-15,delivered
1434,255,4,2025-04-04,,,delivered
1435,159,18,2025-06-07,2025-06-20,2025-06-28,paid
1436,161,6,2025-08-14,2025-08-16,2025-08-22,delivered
1437,37,6,2024-12-28,2025-01-02,2025-01-07,delivered
1438,227,5,2025-08-20,,,delivered
1439,21,12,2025-05-29,2025-06-05,2025-06-08,delivered
1440,263,20,2025-09-01,2025-09-03,2025-09-12,delivered
1441,450,2,2024-09-27,2024-09-28,2024-10-02,delivered
1442,288,1,2023-06-08,2023-06-13,2023-06-23,delivered
1443,38,8,2024-02-02,2024-02-13,,delivered
1444,329,18,2025-07-10,2025-07-12,,delivered
1445,470,13,2025-02-25,2025-03-04,2025-03-10,delivered
1446,310,16,2023-08-06,2023-08-14,,delivered
1447,280,5,2025-08-29,2025-09-09,2025-09-19,created
1448,308,13,2023-03-05,2023-03-11,2023-03-19,shipped
1449,109,1,2025-09-02,2025-09-09,2025-09-12,paid
1450,36,9,2024-02-19,,,cancelled
1451,232,14,2024-06-21,2024-06-26,2024-06-27,paid
1452,462,14,2023-12-17,2023-12-22,2023-12-28,cancelled
1453,247,16,2024-07-02,2024-07-05,2024-07-12,delivered
1454,355,19,2024-02-03,2024-02-12,2024-02-22,paid
1455,371,19,2024-09-23,,,delivered
1456,422,11,2023-01-15,,,delivered
1457,76,16,2025-06-04,2025-06-17,2025-06-24,shipped
1458,370,1,2024-04-06,2024-04-20,,delivered
1459,497,19,2023-04-10,,,delivered
1460,97,14,2024-12-14,2024-12-17,2024-12-21,delivered
1461,488,7,2025-09-22,2025-09-23,2025-09-29,created
1462,460,10,2024-05-29,2024-05-31,2024-06-08,delivered
1463,181,12,2025-04-28,2025-05-07,2025-05-13,paid
1464,91,15,2024-03-14,2024-03-23,2024-04-01,delivered
1465,146,14,2024-10-11,2024-10-21,2024-10-23,returned
1466,413,4,2023-04-02,2023-04-12,2023-04-14,delivered
1467,385,20,2025-08-07,2025-08-18,2025-08-28,delivered
1468,342,10,2025-05-22,2025-05-26,2025-06-04,delivered
1469,101,16,2025-08-31,,,returned
1470,468,15,2024-02-27,2024-03-09,2024-03-16,created
1471,192,8,2024-06-03,2024-06-14,2024-06-21,delivered
1472,3,14,2023-02-03,,,paid
1473,192,17,2025-04-19,2025-04-25,2025-05-05,returned
1474,124,18,2025-09-23,2025-10-03,2025-10-04,delivered
1475,296,14,2023-05-12,2023-05-19,2023-05-22,delivered
1476,163,17,2023-06-12,2023-06-14,2023-06-17,delivered
1477,324,19,2025-03-14,2025-03-27,2025-04-01,delivered
1478,82,11,2023-07-28,,,created
1479,6,19,2023-06-06,,,delivered
1480,472,3,2024-08-08,2024-08-20,2024-08-28,delivered
1481,399,12,2023-07-11,2023-07-15,2023-07-24,delivered
1482,372,13,2025-02-27,2025-02-28,2025-03-03,delivered
1483,327,19,2025-06-06,,,delivered
1484,306,4,2023-04-20,,,shipped
1485,93,3,2023-03-21,2023-03-27,2023-03-31,delivered
1486,252,1,2024-02-28,,,returned
1487,40,7,2024-12-04,2024-12-10,2024-12-18,delivered
1488,93,10,2023-01-11,2023-01-22,2023-02-01,cancelled
1489,61,11,2023-12-22,2024-01-01,2024-01-02,paid
1490,380,9,2025-08-06,,,delivered
1491,275,1,2024-06-14,2024-06-17,2024-06-23,paid
1492,112,1,2023-12-02,,,paid
1493,355,5,2023-10-02,2023-10-06,2023-10-12,delivered
1494,334,10,2024-04-23,2024-05-01,2024-05-08,cancelled
1495,129,6,2023-07-22,2023-08-03,2023-08-10,paid
1496,407,19,2023-11-16,,,shipped
1497,370,16,2024-03-19,2024-03-26,2024-03-31,delivered
1498,319,4,2024-09-13,2024-09-17,2024-09-23,cancelled
1499,420,3,2024-04-05,,,created
1500,262,9,2024-08-23,2024-09-02,2024-09-11,delivered
1501,16,4,2023-07-04,2023-07-11,2023-07-17,shipped
1502,111,12,2024-01-16,,,delivered
1503,5,11,2024-12-05,,,delivered
1504,239,19,2025-03-25,2025-03-29,2025-04-05,shipped
1505,109,17,2023-08-11,,,shipped
1506,312,3,2024-08-10,2024-08-17,2024-08-24,delivered
1507,164,7,2023-07-21,,,delivered
1508,24,9,2024-03-07,,,delivered
1509,308,11,2024-08-28,2024-09-07,,created
1510,402,19,2023-01-05,2023-01-10,,returned
1511,19,18,2025-07-29,2025-08-04,2025-08-06,delivered
1512,425,14,2025-01-10,2025-01-16,2025-01-23,paid
1513,397,11,2024-05-20,2024-05-27,2024-06-04,delivered
1514,329,4,2025-05-13,2025-05-23,,shipped
1515,423,1,2023-05-23,,,delivered
1516,353,14,2023-08-20,,,paid
1517,462,12,2025-04-15,2025-04-16,2025-04-17,shipped
1518,402,2,2023-04-24,,,delivered
1519,136,11,2024-12-05,2024-12-18,2024-12-21,cancelled
1520,299,15,2023-05-03,,,cancelled
1521,386,19,2025-06-28,2025-07-05,2025-07-07,delivered
1522,124,19,2024-05-04,2024-05-09,2024-05-17,shipped
1523,136,10,2024-12-29,,,delivered
1524,447,8,2024-11-06,2024-11-20,2024-11-22,paid
1525,254,2,2023-08-06,,,shipped
1526,420,13,2023-07-12,2023-07-18,2023-07-28,delivered
1527,264,11,2025-02-17,2025-03-01,2025-03-04,delivered
1528,55,5,2023-08-13,2023-08-20,2023-08-30,delivered
1529,400,13,2023-07-12,,,delivered
1530,352,10,2025-09-01,2025-09-12,,delivered
1531,55,4,2023-09-04,,,delivered
1532,137,1,2024-05-02,2024-05-10,2024-05-12,cancelled
1533,44,12,2024-03-17,2024-03-24,2024-04-02,delivered
1534,226,9,2024-01-14,,,delivered
1535,375,14,2023-07-18,2023-07-25,2023-07-30,delivered
1536,253,17,2024-03-19,,,created
1537,128,4,2023-08-13,,,cancelled
1538,295,9,2023-09-02,,,paid
1539,116,20,2024-12-17,2024-12-24,2024-12-28,delivered
1540,451,9,2024-05-22,2024-06-04,2024-06-09,delivered
1541,148,1,2023-04-07,,,cancelled
1542,319,16,2025-01-26,2025-02-07,2025-02-13,delivered
1543,86,6,2023-12-07,2023-12-10,2023-12-18,delivered
1544,11,6,2025-09-24,2025-09-26,2025-09-27,delivered
1545,497,16,2024-08-20,,,cancelled
1546,242,4,2023-02-16,2023-02-26,2023-03-03,delivered
1547,269,17,2023-06-21,2023-07-04,,delivered
1548,377,11,2024-04-08,2024-04-14,2024-04-19,delivered
1549,130,12,2024-04-14,,,delivered
1550,364,11,2025-07-01,2025-07-12,2025-07-22,delivered
1551,139,17,2025-01-15,2025-01-18,2025-01-22,delivered
1552,73,12,2024-05-24,,,delivered
1553,357,14,2024-01-04,2024-01-06,2024-01-13,delivered
1554,495,9,2025-06-17,2025-06-26,2025-07-04,returned
1555,449,17,2023-06-29,2023-07-10,2023-07-16,delivered
1556,214,9,2023-11-13,,,delivered
1557,360,11,2025-05-04,2025-05-11,2025-05-21,returned
1558,406,12,2023-10-23,,,created
1559,475,5,2024-04-22,2024-05-01,2024-05-11,delivered
1560,84,10,2024-05-13,2024-05-26,2024-06-03,created
1561,145,19,2023-05-07,,,delivered
1562,221,12,2024-11-07,2024-11-08,2024-11-14,cancelled
1563,403,17,2024-11-12,2024-11-21,2024-11-23,delivered
1564,74,7,2024-03-18,2024-03-20,2024-03-21,delivered
1565,182,8,2025-04-11,2025-04-18,2025-04-20,cancelled
1566,472,10,2024-09-03,2024-09-13,2024-09-19,delivered
1567,72,7,2023-09-14,,,delivered
1568,155,10,2023-03-29,2023-04-09,2023-04-12,delivered
1569,449,14,2023-04-09,,,delivered
1570,161,17,2025-08-15,2025-08-21,2025-08-28,delivered
1571,493,14,2024-04-17,,,delivered
1572,491,14,2023-04-01,2023-04-11,2023-04-15,delivered
1573,192,5,2024-09-27,2024-10-07,2024-10-08,delivered
1574,202,5,2024-02-17,2024-02-25,2024-03-05,delivered
1575,28,3,2023-02-26,2023-03-09,,delivered
1576,421,10,2024-08-02,2024-08-08,2024-08-10,delivered
1577,346,17,2025-01-27,2025-02-08,2025-02-11,delivered
1578,496,16,2023-05-20,2023-05-31,2023-06-03,delivered
1579,160,1,2025-04-04,2025-04-16,2025-04-18,created
1580,310,4,2024-06-16,,,shipped
1581,243,1,2025-05-02,2025-05-09,,paid
1582,208,16,2023-07-08,2023-07-22,2023-07-27,delivered
1583,349,15,2025-05-29,2025-05-31,2025-06-01,paid
1584,420,8,2023-06-24,2023-07-06,2023-07-14,delivered
1585,149,4,2025-09-09,2025-09-15,2025-09-22,delivered
1586,410,4,2024-04-20,2024-04-27,,shipped
1587,62,19,2024-02-03,,,delivered
1588,331,20,2024-03-31,,,cancelled
1589,493,5,2024-04-24,2024-05-02,2024-05-05,delivered
1590,439,17,2023-08-04,2023-08-16,2023-08-25,paid
1591,336,5,2023-12-27,2024-01-06,2024-01-09,shipped
1592,391,10,2025-08-03,2025-08-17,2025-08-24,returned
1593,311,6,2024-08-12,2024-08-21,2024-08-30,shipped
1594,358,11,2024-08-25,2024-08-31,2024-09-07,paid
1595,16,6,2023-08-26,,,paid
1596,479,16,2023-11-28,2023-12-11,2023-12-15,paid
1597,451,6,2025-01-15,2025-01-28,2025-01-30,paid
1598,129,4,2023-02-08,2023-02-10,2023-02-16,delivered
1599,431,1,2025-08-03,,,paid
1600,231,13,2023-05-17,2023-05-27,2023-05-31,shipped
1601,225,10,2023-08-19,2023-08-22,2023-08-31,delivered
1602,99,3,2024-08-19,,,returned
1603,50,7,2023-02-04,2023-02-05,2023-02-12,delivered
1604,443,3,2023-12-15,,,delivered
1605,467,17,2024-05-23,,,shipped
1606,424,16,2024-05-27,2024-06-06,2024-06-09,delivered
1607,225,14,2024-10-02,2024-10-04,2024-10-07,delivered
1608,153,4,2023-05-01,2023-05-02,2023-05-08,created
1609,421,10,2025-08-02,2025-08-09,2025-08-11,cancelled
1610,81,10,2023-03-18,2023-03-22,2023-04-01,delivered
1611,205,20,2023-02-28,2023-03-02,2023-03-07,delivered
1612,17,11,2024-03-07,2024-03-13,2024-03-14,paid
1613,281,11,2025-08-04,2025-08-05,2025-08-07,delivered
1614,289,20,2024-12-20,2025-01-02,,returned
1615,487,14,2024-09-04,2024-09-06,2024-09-14,cancelled
1616,139,2,2023-04-17,,,delivered
1617,333,12,2024-03-17,2024-03-30,2024-04-03,created
1618,29,1,2025-03-03,2025-03-07,2025-03-14,delivered
1619,378,1,2024-07-19,2024-07-26,2024-07-29,delivered
1620,219,18,2023-05-22,,,paid
1621,316,12,2023-12-27,,,delivered
1622,30,8,2023-08-26,,,created
1623,212,18,2024-08-04,,,delivered
1624,448,8,2025-04-12,,,paid
1625,225,6,2023-10-17,,,delivered
1626,336,8,2023-10-27,,,delivered
1627,337,4,2024-11-03,,,shipped
1628,279,7,2024-05-21,2024-06-04,2024-06-08,delivered
1629,155,12,2025-03-09,2025-03-23,2025-04-01,cancelled
1630,164,18,2024-05-30,,,delivered
1631,211,20,2024-05-12,2024-05-16,2024-05-25,shipped
1632,380,18,2023-08-04,,,delivered
1633,404,5,2023-02-06,2023-02-18,2023-02-26,returned
1634,11,16,2025-05-06,,,shipped
1635,197,10,2025-04-27,2025-04-28,2025-05-08,delivered
1636,10,13,2024-01-29,2024-02-02,2024-02-05,delivered
1637,273,2,2024-11-07,2024-11-16,2024-11-17,cancelled
1638,387,11,2025-08-02,2025-08-07,2025-08-17,shipped
1639,15,11,2025-01-13,2025-01-20,2025-01-21,delivered
1640,284,13,2025-09-02,2025-09-13,2025-09-22,delivered
1641,294,19,2025-02-26,2025-03-01,2025-03-09,delivered
1642,474,8,2023-05-16,2023-05-21,2023-05-26,paid
1643,128,18,2023-10-30,2023-11-06,,shipped
1644,138,9,2025-03-12,2025-03-25,2025-03-27,delivered
1645,339,11,2025-05-06,2025-05-09,2025-05-10,delivered
1646,239,2,2025-09-16,2025-09-27,2025-10-01,delivered
1647,297,3,2023-10-11,2023-10-20,2023-10-22,delivered
1648,133,9,2023-09-23,2023-09-26,2023-09-29,paid
1649,317,2,2023-08-27,,,created
1650,351,17,2025-05-31,2025-06-06,,delivered
1651,32,9,2025-09-25,2025-10-06,2025-10-12,delivered
1652,23,20,2023-08-29,2023-08-31,2023-09-02,delivered
1653,122,7,2023-11-30,2023-12-14,2023-12-21,paid
1654,219,10,2023-05-27,,,delivered
1655,185,11,2025-09-25,2025-10-06,2025-10-11,delivered
1656,83,12,2023-02-15,2023-02-18,2023-02-19,paid
1657,109,11,2024-06-07,2024-06-19,2024-06-29,delivered
1658,482,7,2024-01-23,2024-01-24,2024-01-27,delivered
1659,333,3,2025-09-05,,,cancelled
1660,115,19,2024-05-30,2024-06-10,2024-06-17,delivered
1661,63,17,2025-03-28,,,delivered
1662,269,17,2024-03-27,2024-03-31,2024-04-05,cancelled
1663,169,8,2025-03-29,2025-04-04,2025-04-10,delivered
1664,60,8,2024-03-31,2024-04-07,2024-04-13,delivered
1665,40,12,2024-10-31,2024-11-04,2024-11-11,shipped
1666,424,5,2025-08-05,2025-08-18,2025-08-28,delivered
1667,311,9,2025-03-25,2025-03-31,,delivered
1668,259,5,2024-08-12,2024-08-25,2024-08-28,cancelled
1669,8,6,2023-05-04,2023-05-17,2023-05-25,delivered
1670,65,2,2025-05-03,2025-05-15,2025-05-17,paid
1671,444,17,2025-07-29,2025-08-05,2025-08-12,delivered
1672,124,10,2023-05-02,2023-05-16,2023-05-26,delivered
1673,56,2,2023-03-17,2023-03-23,2023-03-30,delivered
1674,380,14,2023-10-24,2023-11-05,,paid
1675,393,19,2025-07-27,2025-08-05,,cancelled
1676,304,19,2024-01-14,2024-01-22,2024-01-30,paid
1677,370,19,2023-10-14,2023-10-16,2023-10-24,delivered
1678,289,17,2025-07-07,2025-07-16,2025-07-23,shipped
1679,197,11,2025-02-14,,,paid
1680,417,7,2024-03-16,2024-03-26,2024-04-01,paid
1681,146,6,2023-05-02,2023-05-10,2023-05-13,shipped
1682,470,9,2024-09-12,2024-09-16,2024-09-19,paid
1683,283,17,2025-02-11,,,delivered
1684,21,18,2024-07-04,2024-07-05,2024-07-06,delivered
1685,145,19,2024-03-12,2024-03-21,,delivered
1686,471,4,2025-01-03,2025-01-17,,cancelled
1687,253,9,2023-03-30,2023-04-04,2023-04-06,returned
1688,412,3,2025-02-01,2025-02-13,,paid
1689,172,9,2024-04-09,2024-04-18,2024-04-20,delivered
1690,162,2,2024-03-19,,,delivered
1691,267,11,2023-07-14,2023-07-25,2023-07-26,cancelled
1692,322,1,2023-09-09,,,delivered
1693,483,8,2024-11-20,,,delivered
1694,249,6,2025-01-21,2025-01-24,2025-01-26,returned
1695,439,7,2023-01-04,2023-01-12,2023-01-16,delivered
1696,20,14,2024-12-05,2024-12-12,2024-12-16,delivered
1697,248,17,2024-11-03,2024-11-08,2024-11-13,delivered
1698,251,13,2024-09-04,2024-09-12,2024-09-16,paid
1699,452,10,2024-03-05,2024-03-11,2024-03-18,paid
1700,238,11,2024-11-07,,,delivered
1701,361,5,2025-03-03,2025-03-17,2025-03-25,delivered
1702,352,8,2023-01-30,2023-02-08,2023-02-15,paid
1703,396,11,2023-09-25,2023-10-02,2023-10-10,delivered
1704,134,2,2023-10-02,2023-10-06,2023-10-07,delivered
1705,210,8,2024-08-09,2024-08-18,2024-08-20,cancelled
1706,315,20,2023-12-04,,,delivered
1707,487,1,2025-04-01,2025-04-14,2025-04-20,delivered
1708,284,3,2024-11-01,,,shipped
1709,275,7,2023-06-10,2023-06-17,2023-06-21,shipped
1710,83,12,2023-12-06,2023-12-15,2023-12-16,created
1711,11,17,2023-04-15,2023-04-28,2023-05-01,shipped
1712,13,8,2024-10-08,2024-10-12,,delivered
1713,417,13,2024-11-02,2024-11-16,2024-11-21,cancelled
1714,40,3,2024-05-31,2024-06-13,2024-06-14,created
1715,426,18,2024-09-11,2024-09-13,2024-09-20,paid
1716,311,10,2025-03-14,2025-03-23,2025-03-28,shipped
1717,104,4,2023-09-28,2023-10-08,2023-10-13,delivered
1718,114,14,2024-07-28,2024-08-02,2024-08-11,delivered
1719,196,1,2024-05-23,2024-05-29,2024-05-31,delivered
1720,296,1,2024-02-11,2024-02-19,2024-02-29,paid
1721,160,11,2023-05-28,2023-05-30,,paid
1722,443,16,2024-08-30,2024-09-02,2024-09-10,delivered
1723,430,19,2025-02-17,2025-03-02,2025-03-09,delivered
1724,173,5,2023-02-07,2023-02-17,2023-02-18,shipped
1725,108,18,2025-03-24,2025-04-01,2025-04-05,delivered
1726,363,16,2024-06-10,2024-06-22,2024-06-24,cancelled
1727,218,3,2024-01-20,,,created
1728,267,4,2023-06-20,,,cancelled
1729,59,2,2025-06-25,2025-06-28,2025-07-07,delivered
1730,384,18,2024-03-04,2024-03-09,,returned
1731,369,9,2024-06-19,2024-06-25,2024-06-28,paid
1732,268,7,2025-04-02,2025-04-14,2025-04-24,shipped
1733,237,7,2025-08-16,2025-08-28,2025-08-31,paid
1734,367,16,2023-01-11,2023-01-14,2023-01-16,returned
1735,3,10,2024-12-19,,,delivered
1736,276,15,2023-12-05,,,delivered
1737,305,6,2023-03-10,2023-03-19,2023-03-25,delivered
1738,476,7,2023-10-09,2023-10-23,2023-10-28,delivered
1739,393,13,2025-08-14,2025-08-23,2025-08-27,paid
1740,79,4,2025-01-18,2025-01-21,2025-01-23,paid
1741,268,19,2024-10-22,2024-10-28,2024-11-07,delivered
1742,495,20,2024-11-15,2024-11-19,2024-11-23,returned
1743,47,20,2023-05-31,,,delivered
1744,1,11,2023-03-21,2023-03-22,,delivered
1745,218,16,2023-12-01,2023-12-14,,delivered
1746,194,13,2024-12-24,2024-12-29,2025-01-04,delivered
1747,453,20,2025-05-12,2025-05-15,2025-05-20,delivered
1748,431,14,2024-07-27,2024-08-08,2024-08-10,delivered
1749,223,12,2023-07-02,,,delivered
1750,239,12,2025-01-15,2025-01-25,2025-01-29,delivered
1751,92,1,2023-07-20,2023-07-29,2023-08-08,delivered
1752,49,12,2025-07-26,2025-07-27,2025-07-28,delivered
1753,329,16,2024-02-12,,,delivered
1754,130,9,2024-10-02,,,delivered
1755,16,16,2024-09-14,2024-09-22,2024-10-01,delivered
1756,20,12,2023-01-30,2023-02-11,2023-02-14,cancelled
1757,68,3,2024-03-05,2024-03-07,,delivered
1758,32,11,2023-04-10,2023-04-15,2023-04-19,delivered
1759,378,1,2023-12-07,2023-12-21,2023-12-24,cancelled
1760,301,12,2024-06-12,,,delivered
1761,214,2,2023-03-08,,,delivered
1762,76,9,2023-03-27,,,created
1763,312,7,2024-12-06,2024-12-09,2024-12-10,delivered
1764,288,12,2023-05-01,2023-05-11,2023-05-13,delivered
1765,238,3,2023-04-30,2023-05-03,2023-05-06,delivered
1766,321,1,2025-02-24,,,created
1767,327,12,2024-04-16,,,delivered
1768,127,10,2025-05-07,2025-05-21,2025-05-24,delivered
1769,195,10,2023-07-02,2023-07-12,2023-07-16,delivered
1770,140,7,2023-07-01,2023-07-06,2023-07-11,paid
1771,182,19,2024-01-08,2024-01-19,2024-01-22,created
1772,428,19,2024-01-30,,,delivered
1773,360,14,2023-12-22,2024-01-02,2024-01-06,delivered
1774,496,17,2024-07-18,2024-07-31,2024-08-09,delivered
1775,133,7,2024-04-23,2024-04-25,2024-04-28,delivered
1776,240,19,2023-11-27,2023-12-04,2023-12-05,delivered
1777,54,12,2025-06-09,2025-06-12,2025-06-18,delivered
1778,463,4,2023-07-11,2023-07-16,2023-07-25,paid
1779,12,15,2025-04-08,2025-04-18,2025-04-25,delivered
1780,243,8,2023-09-16,2023-09-26,2023-10-03,delivered
1781,498,8,2025-02-20,2025-03-01,,delivered
1782,138,19,2024-02-15,2024-02-18,2024-02-23,cancelled
1783,495,17,2023-07-23,2023-08-02,2023-08-05,delivered
1784,404,2,2025-09-20,,,delivered
1785,73,12,2024-04-14,2024-04-22,,paid
1786,453,6,2023-11-05,2023-11-08,2023-11-12,delivered
1787,371,8,2023-06-07,2023-06-21,2023-06-22,delivered
1788,177,4,2024-04-27,2024-05-04,2024-05-12,delivered
1789,426,15,2024-12-24,2024-12-26,2025-01-01,delivered
1790,69,13,2025-03-02,2025-03-07,2025-03-14,delivered
1791,274,3,2023-12-22,2024-01-03,2024-01-04,shipped
1792,312,6,2025-02-25,2025-03-03,2025-03-04,delivered
1793,385,13,2025-07-25,,,shipped
1794,256,7,2023-02-15,2023-02-22,,delivered
1795,93,14,2023-06-04,2023-06-11,2023-06-19,created
1796,491,14,2023-07-03,,,delivered
1797,428,4,2024-04-21,2024-04-27,2024-04-29,delivered
1798,208,1,2023-06-14,2023-06-24,2023-07-02,created
1799,335,13,2024-03-08,2024-03-13,2024-03-15,delivered
1800,411,15,2024-05-29,2024-06-06,2024-06-15,returned
1801,58,6,2024-03-10,2024-03-17,2024-03-19,paid
1802,173,19,2023-09-22,,,delivered
1803,373,15,2024-03-21,,,shipped
1804,63,16,2024-04-16,2024-04-26,2024-05-01,delivered
1805,346,10,2025-02-24,2025-03-05,2025-03-10,delivered
1806,9,15,2023-11-29,2023-11-30,2023-12-06,delivered
1807,273,13,2023-09-12,,,delivered
1808,65,5,2024-10-10,2024-10-15,2024-10-23,delivered
1809,125,17,2024-08-05,2024-08-07,2024-08-08,paid
1810,371,4,2024-01-27,2024-02-08,,cancelled
1811,384,10,2024-03-08,2024-03-11,2024-03-16,delivered
1812,381,3,2025-05-06,2025-05-08,2025-05-18,shipped
1813,156,20,2024-06-10,2024-06-23,2024-06-24,delivered
1814,243,7,2025-02-17,2025-02-22,2025-02-25,shipped
1815,344,2,2024-09-11,2024-09-14,2024-09-19,created
1816,107,1,2025-03-11,2025-03-14,2025-03-22,delivered
1817,500,11,2023-04-10,2023-04-11,2023-04-15,paid
1818,148,20,2025-04-26,2025-05-03,2025-05-09,delivered
1819,244,18,2023-01-13,2023-01-19,2023-01-27,paid
1820,438,16,2023-08-04,2023-08-07,2023-08-12,delivered
1821,339,19,2025-09-17,,,delivered
1822,177,3,2023-08-01,2023-08-10,2023-08-15,delivered
1823,232,15,2023-01-31,,,delivered
1824,320,12,2024-08-01,2024-08-14,,returned
1825,285,16,2023-08-29,2023-09-07,,delivered
1826,436,4,2023-04-10,2023-04-14,2023-04-24,shipped
1827,443,6,2025-02-24,2025-03-08,2025-03-17,delivered
1828,385,7,2024-03-04,2024-03-09,2024-03-15,delivered
1829,341,11,2024-05-29,2024-06-05,2024-06-12,delivered
1830,238,10,2025-04-25,2025-04-28,2025-05-01,delivered
1831,2,18,2025-04-29,2025-05-07,2025-05-09,delivered
1832,335,14,2025-09-24,2025-09-28,2025-10-08,shipped
1833,313,20,2024-05-30,2024-06-09,2024-06-16,cancelled
1834,167,20,2023-09-13,,,delivered
1835,351,3,2025-09-01,2025-09-13,2025-09-20,delivered
1836,443,7,2025-05-20,2025-05-28,2025-06-01,paid
1837,480,7,2023-11-27,,,paid
1838,16,7,2024-08-14,2024-08-18,2024-08-26,returned
1839,408,6,2025-09-23,2025-10-04,,delivered
1840,170,6,2023-09-08,2023-09-10,,created
1841,347,14,2025-06-06,2025-06-14,2025-06-16,delivered
1842,491,9,2025-06-23,2025-06-25,2025-07-05,delivered
1843,274,1,2024-03-25,2024-04-06,,delivered
1844,425,2,2024-01-08,2024-01-17,2024-01-25,delivered
1845,64,4,2023-05-30,2023-06-12,2023-06-14,delivered
1846,188,14,2024-11-03,2024-11-07,2024-11-11,shipped
1847,169,3,2024-04-14,2024-04-22,2024-04-27,delivered
1848,353,15,2023-12-05,2023-12-17,2023-12-22,delivered
1849,390,5,2023-06-01,2023-06-02,2023-06-08,delivered
1850,366,10,2023-11-11,2023-11-14,2023-11-19,delivered
1851,226,10,2023-06-08,2023-06-20,,delivered
1852,440,13,2023-09-21,2023-09-22,2023-10-02,delivered
1853,300,1,2023-09-23,2023-10-02,2023-10-11,delivered
1854,317,6,2025-09-22,2025-09-25,2025-10-04,delivered
1855,192,13,2025-06-05,2025-06-16,2025-06-25,delivered
1856,248,13,2023-01-15,2023-01-17,2023-01-22,shipped
1857,77,9,2024-09-15,2024-09-28,,paid
1858,256,15,2024-08-06,2024-08-07,2024-08-16,cancelled
1859,380,7,2024-01-08,2024-01-15,2024-01-21,delivered
1860,139,18,2025-09-11,2025-09-23,2025-09-25,returned
1861,29,15,2024-08-03,2024-08-07,2024-08-10,delivered
1862,334,8,2023-08-22,2023-08-30,2023-09-09,shipped
1863,143,3,2025-01-30,,,delivered
1864,33,5,2024-06-19,2024-06-23,2024-07-03,delivered
1865,245,15,2023-04-11,2023-04-24,,delivered
1866,38,7,2024-05-04,,,paid
1867,102,4,2024-07-09,2024-07-19,2024-07-29,created
1868,221,4,2025-01-07,2025-01-20,2025-01-30,delivered
1869,315,15,2023-01-01,2023-01-08,2023-01-16,delivered
1870,169,17,2024-05-09,2024-05-20,2024-05-29,shipped
1871,141,18,2024-05-30,2024-06-07,,delivered
1872,94,16,2023-01-07,2023-01-16,2023-01-19,paid
1873,390,14,2024-11-20,2024-12-04,2024-12-13,delivered
1874,100,4,2025-02-20,2025-02-25,2025-03-03,delivered
1875,242,4,2024-12-02,2024-12-12,2024-12-15,delivered
1876,99,13,2025-03-15,,,paid
1877,340,6,2023-11-30,2023-12-08,2023-12-15,delivered
1878,138,8,2025-08-13,2025-08-27,2025-09-02,paid
1879,171,12,2025-04-29,2025-05-07,2025-05-17,delivered
1880,214,1,2025-02-19,2025-02-20,2025-02-26,delivered
1881,72,15,2025-02-24,2025-03-10,2025-03-14,delivered
1882,132,10,2025-05-02,2025-05-08,2025-05-15,delivered
1883,287,7,2025-03-27,2025-04-05,2025-04-10,paid
1884,125,6,2023-11-30,2023-12-12,2023-12-13,delivered
1885,200,16,2023-09-13,2023-09-23,2023-09-24,paid
1886,328,11,2023-10-10,2023-10-18,2023-10-20,delivered
1887,451,3,2023-11-29,2023-12-11,2023-12-14,cancelled
1888,302,10,2024-08-10,,,paid
1889,126,11,2024-08-09,2024-08-20,2024-08-29,delivered
1890,354,1,2023-05-24,2023-05-26,2023-06-01,returned
1891,185,15,2025-02-04,2025-02-07,2025-02-11,delivered
1892,171,7,2024-11-24,2024-11-29,2024-11-30,paid
1893,329,14,2024-03-13,2024-03-21,2024-03-30,paid
1894,263,12,2023-01-17,2023-01-18,2023-01-24,delivered
1895,252,10,2024-08-11,2024-08-13,2024-08-23,paid
1896,286,4,2024-06-28,,,delivered
1897,436,3,2024-08-10,2024-08-20,2024-08-24,delivered
1898,393,14,2025-04-17,2025-04-25,2025-04-28,delivered
1899,38,6,2024-10-25,2024-11-02,2024-11-09,cancelled
1900,206,19,2023-10-28,,,delivered
1901,10,1,2023-08-19,2023-08-22,2023-08-26,delivered
1902,394,11,2024-06-29,2024-07-10,2024-07-20,cancelled
1903,458,19,2023-06-06,,,paid
1904,158,6,2023-04-14,,,delivered
1905,433,2,2025-03-09,,,delivered
1906,36,11,2025-06-10,2025-06-14,2025-06-18,delivered
1907,218,9,2023-08-27,2023-08-31,2023-09-01,paid
1908,461,15,2023-05-07,2023-05-14,,cancelled
1909,438,7,2024-01-25,,,delivered
1910,102,7,2025-02-28,2025-03-14,,returned
1911,260,19,2025-01-11,2025-01-14,2025-01-16,cancelled
1912,380,20,2024-01-02,2024-01-08,2024-01-12,returned
1913,410,17,2024-01-04,2024-01-13,,delivered
1914,4,13,2025-04-02,2025-04-16,,delivered
1915,159,3,2024-03-20,2024-03-31,2024-04-02,delivered
1916,415,13,2025-06-15,2025-06-20,2025-06-26,created
1917,434,8,2023-07-01,2023-07-04,2023-07-07,delivered
1918,391,2,2023-03-04,2023-03-08,2023-03-13,delivered
1919,213,6,2024-03-05,,,cancelled
1920,495,5,2025-01-29,2025-02-09,2025-02-11,delivered
1921,16,16,2023-07-28,2023-08-08,2023-08-13,delivered
1922,15,1,2023-12-06,,,delivered
1923,377,5,2025-07-24,2025-08-02,2025-08-12,delivered
1924,87,6,2023-04-13,,,cancelled
1925,48,14,2023-03-09,,,delivered
1926,213,18,2024-03-26,,,delivered
1927,327,1,2023-11-15,2023-11-20,,delivered
1928,188,20,2024-11-15,2024-11-23,2024-12-03,paid
1929,113,17,2023-05-13,2023-05-16,2023-05-18,delivered
1930,368,13,2023-10-17,2023-10-19,2023-10-24,paid
1931,338,10,2023-12-03,2023-12-11,2023-12-20,delivered
1932,453,9,2025-02-17,2025-02-23,2025-02-26,delivered
1933,479,2,2025-02-04,2025-02-11,2025-02-15,returned
1934,8,5,2024-10-11,,,delivered
1935,83,13,2023-11-27,,,delivered
1936,440,12,2023-07-12,2023-07-26,2023-08-02,delivered
1937,110,15,2024-09-28,2024-10-06,,shipped
1938,394,17,2025-08-04,2025-08-07,2025-08-15,delivered
1939,234,4,2024-11-15,2024-11-28,2024-11-30,delivered
1940,219,1,2025-09-14,2025-09-16,2025-09-24,delivered
1941,62,18,2024-12-30,2025-01-13,2025-01-21,delivered
1942,482,3,2025-09-16,2025-09-25,2025-10-04,paid
1943,431,8,2025-03-05,,,delivered
1944,182,17,2024-09-07,2024-09-17,2024-09-26,created
1945,273,12,2024-07-06,2024-07-15,2024-07-18,paid
1946,85,20,2023-08-20,2023-09-02,2023-09-11,cancelled
1947,313,14,2025-05-28,2025-05-29,2025-06-05,shipped
1948,462,17,2025-09-22,2025-09-30,2025-10-03,delivered
1949,154,1,2023-03-18,2023-03-27,2023-03-31,cancelled
1950,314,20,2025-09-09,,,delivered
1951,72,5,2024-05-07,2024-05-20,2024-05-24,delivered
1952,82,14,2024-02-05,2024-02-09,2024-02-11,shipped
1953,486,9,2023-05-24,2023-05-26,2023-06-05,cancelled
1954,78,7,2024-03-30,,,shipped
1955,168,1,2024-10-14,,,delivered
1956,53,20,2024-04-27,2024-05-05,2024-05-07,delivered
1957,313,15,2023-06-07,,,returned
1958,467,11,2025-06-15,2025-06-16,2025-06-21,paid
1959,239,14,2024-08-22,,,delivered
1960,444,16,2025-02-15,2025-02-24,,returned
1961,309,20,2025-06-04,2025-06-18,2025-06-26,delivered
1962,494,14,2024-03-07,,,paid
1963,395,9,2025-05-12,2025-05-17,2025-05-26,delivered
1964,342,9,2024-01-01,,,paid
1965,413,16,2023-09-06,2023-09-10,2023-09-15,paid
1966,400,16,2024-07-28,2024-08-07,2024-08-16,cancelled
1967,342,13,2023-02-13,2023-02-23,2023-02-25,delivered
1968,61,8,2024-01-05,2024-01-17,2024-01-24,delivered
1969,368,2,2023-12-22,2023-12-30,2024-01-09,cancelled
1970,20,13,2025-04-12,2025-04-24,2025-04-25,shipped
1971,93,1,2024-10-07,2024-10-09,2024-10-16,delivered
1972,374,15,2025-05-19,2025-05-25,2025-05-31,delivered
1973,495,8,2023-10-11,2023-10-12,2023-10-17,delivered
1974,83,7,2024-07-25,2024-08-03,2024-08-10,delivered
1975,400,6,2025-05-14,2025-05-16,2025-05-26,delivered
1976,413,8,2023-11-21,2023-11-23,2023-11-25,delivered
1977,161,20,2024-05-24,2024-06-06,2024-06-11,cancelled
1978,249,12,2023-12-12,2023-12-18,2023-12-21,delivered
1979,58,7,2024-08-18,2024-08-27,2024-09-05,shipped
1980,287,18,2023-07-02,2023-07-14,,paid
1981,365,20,2025-07-25,2025-08-01,2025-08-04,delivered
1982,273,12,2024-02-11,,,delivered
1983,433,10,2024-09-20,2024-09-22,2024-09-26,delivered
1984,21,8,2024-07-15,,,returned
1985,14,16,2023-08-18,2023-08-22,2023-08-26,delivered
1986,416,7,2023-05-29,,,shipped
1987,11,20,2024-05-09,2024-05-16,2024-05-26,paid
1988,96,17,2024-08-17,2024-08-27,2024-09-03,delivered
1989,362,12,2025-04-02,2025-04-09,2025-04-13,delivered
1990,183,3,2025-09-08,2025-09-14,2025-09-18,delivered
1991,297,5,2023-04-09,2023-04-22,2023-04-30,delivered
1992,54,20,2023-08-22,2023-09-03,2023-09-12,delivered
1993,115,15,2023-10-03,2023-10-04,2023-10-12,delivered
1994,224,3,2025-09-03,2025-09-04,2025-09-13,delivered
1995,459,12,2024-05-03,2024-05-06,,delivered
1996,489,9,2024-08-06,2024-08-18,,delivered
1997,221,5,2024-02-10,2024-02-18,2024-02-23,delivered
1998,292,17,2025-08-26,2025-09-08,2025-09-18,delivered
1999,4,20,2023-02-24,2023-03-02,2023-03-04,delivered
2000,272,14,2025-01-17,,,paid
