review_id,order_id,rating,comment,review_date
1,1,2,Отлично!,2023-04-17
2,2,2,Качество среднее,2024-03-28
3,3,3,Отлично!,2024-10-03
4,4,3,Нормально,2025-09-04
5,6,3,Отлично!,2025-10-08
6,11,4,Нормально,2025-02-10
7,13,2,Хорошо,2023-03-03
8,16,5,Качество среднее,2024-08-07
9,22,4,Ожидал большего,2024-07-31
10,26,3,Не понравилось,2023-02-21
11,27,4,Супер!,2025-08-15
12,28,4,Товар соответствует описанию,2023-05-28
13,29,4,Супер!,2024-05-01
14,30,4,Отлично!,2023-04-26
15,34,4,Не понравилось,2025-03-23
16,36,5,Рекомендую,2024-08-18
17,38,5,Отлично!,2023-11-17
18,40,2,Товар соответствует описанию,2023-10-02
19,41,3,Не понравилось,2023-09-12
20,45,4,Нормально,2024-11-07
21,46,3,Качество среднее,2024-03-29
22,49,5,Рекомендую,2024-04-11
23,54,5,Нормально,2023-03-30
24,55,5,Нормально,2025-07-09
25,56,5,Хорошо,2025-08-06
26,58,1,Отлично!,2023-04-26
27,61,5,Отлично!,2023-05-20
28,63,5,Качество среднее,2023-09-24
29,66,3,Хорошо,2024-11-03
30,69,3,Хорошо,2025-08-12
31,71,3,Качество среднее,2025-04-15
32,72,4,Нормально,2024-12-19
33,73,4,Хорошо,2023-02-08
34,74,5,Отлично!,2024-03-23
35,77,4,Отлично!,2023-01-13
36,78,4,Рекомендую,2025-10-22
37,82,3,Супер!,2025-05-23
38,84,4,Не понравилось,2025-07-11
39,85,3,Хорошо,2025-04-29
40,90,5,Не понравилось,2023-12-06
41,92,5,Товар соответствует описанию,2024-01-17
42,93,2,Рекомендую,2023-02-15
43,94,3,Хорошо,2024-01-19
44,95,5,Быстро доставили,2024-01-20
45,97,3,Ожидал большего,2023-05-23
46,103,5,Не понравилось,2023-04-04
47,104,3,Товар соответствует описанию,2023-03-19
48,110,4,Отлично!,2024-06-01
49,114,3,Нормально,2024-10-21
50,116,3,Быстро доставили,2025-01-30
51,118,4,Не понравилось,2023-03-02
52,119,5,Не понравилось,2025-04-30
53,124,4,Быстро доставили,2023-11-17
54,127,5,Рекомендую,2024-06-23
55,129,4,Не понравилось,2023-07-03
56,132,1,Отлично!,2024-09-03
57,133,4,Качество среднее,2025-03-25
58,137,4,Быстро доставили,2024-06-30
59,138,4,Отлично!,2024-10-13
60,141,4,Быстро доставили,2025-07-28
61,143,5,Рекомендую,2023-10-29
62,144,3,Супер!,2023-10-06
63,146,4,Рекомендую,2024-12-22
64,147,4,Ожидал большего,2024-05-30
65,151,4,Ожидал большего,2025-08-13
66,153,3,Супер!,2024-11-24
67,156,5,Хорошо,2023-01-24
68,157,4,Товар соответствует описанию,2025-01-29
69,158,2,Ожидал большего,2023-11-27
70,160,5,Отлично!,2024-10-16
71,162,5,Супер!,2025-06-26
72,163,5,Качество среднее,2023-03-19
73,166,1,Не понравилось,2024-08-15
74,167,4,Супер!,2025-01-18
75,168,4,Ожидал большего,2024-09-06
76,169,5,Ожидал большего,2024-07-31
77,173,5,Рекомендую,2023-05-25
78,177,2,Отлично!,2024-09-29
79,181,4,Качество среднее,2023-03-26
80,184,5,Товар соответствует описанию,2024-05-13
81,185,5,Нормально,2024-08-21
82,191,5,Качество среднее,2024-02-22
83,192,5,Быстро доставили,2024-05-11
84,193,5,Ожидал большего,2025-07-27
85,194,5,Рекомендую,2023-02-11
86,196,5,Ожидал большего,2023-09-22
87,198,5,Хорошо,2024-11-01
88,203,3,Товар соответствует описанию,2025-04-24
89,204,5,Товар соответствует описанию,2023-07-19
90,208,2,Нормально,2024-06-09
91,213,2,Отлично!,2025-05-22
92,217,4,Нормально,2023-08-23
93,218,5,Супер!,2023-11-21
94,220,5,Не понравилось,2024-01-15
95,221,5,Товар соответствует описанию,2024-08-14
96,222,3,Товар соответствует описанию,2024-09-24
97,227,3,Супер!,2025-09-13
98,228,4,Товар соответствует описанию,2023-06-06
99,229,5,Не понравилось,2025-10-06
100,232,5,Отлично!,2025-09-15
101,233,5,Хорошо,2024-12-05
102,235,4,Отлично!,2025-08-16
103,238,3,Хорошо,2023-04-30
104,244,5,Быстро доставили,2024-12-23
105,250,1,Ожидал большего,2024-07-19
106,251,4,Товар соответствует описанию,2024-01-01
107,253,4,Отлично!,2023-07-14
108,254,4,Отлично!,2024-03-26
109,263,5,Быстро доставили,2023-11-28
110,264,4,Отлично!,2025-06-27
111,271,4,Быстро доставили,2024-05-19
112,272,4,Рекомендую,2024-02-19
113,274,4,Рекомендую,2025-02-15
114,275,5,Рекомендую,2024-02-25
115,276,4,Супер!,2023-12-17
116,278,2,Отлично!,2023-05-29
117,280,5,Не понравилось,2023-04-17
118,282,3,Качество среднее,2024-09-25
119,285,3,Супер!,2024-11-09
120,288,3,Быстро доставили,2024-01-21
121,291,5,Качество среднее,2024-05-28
122,293,2,Нормально,2025-02-28
123,295,3,Быстро доставили,2024-06-21
124,299,4,Ожидал большего,2023-04-30
125,300,5,Не понравилось,2023-05-16
126,301,5,Быстро доставили,2024-05-25
127,302,3,Рекомендую,2025-01-29
128,304,4,Ожидал большего,2024-06-21
129,305,5,Отлично!,2024-11-29
130,308,5,Супер!,2023-09-05
131,309,4,Товар соответствует описанию,2024-02-01
132,311,4,Рекомендую,2025-03-17
133,312,3,Нормально,2023-11-03
134,314,5,Товар соответствует описанию,2023-02-19
135,317,2,Качество среднее,2024-03-17
136,318,5,Нормально,2024-10-19
137,321,4,Нормально,2023-04-28
138,324,4,Рекомендую,2025-04-29
139,329,3,Товар соответствует описанию,2023-02-11
140,333,5,Товар соответствует описанию,2023-10-05
141,336,5,Ожидал большего,2024-06-03
142,342,5,Отлично!,2024-08-10
143,343,3,Нормально,2024-07-11
144,346,4,Не понравилось,2023-03-06
145,347,4,Не понравилось,2025-03-28
146,349,2,Отлично!,2025-09-27
147,350,2,Быстро доставили,2024-10-28
148,354,5,Хорошо,2023-09-10
149,355,5,Не понравилось,2024-01-19
150,356,3,Товар соответствует описанию,2024-04-05
151,357,2,Не понравилось,2024-01-11
152,360,4,Супер!,2023-07-02
153,361,4,Супер!,2023-03-31
154,364,3,Нормально,2024-03-05
155,366,5,Нормально,2023-06-09
156,368,5,Отлично!,2023-04-13
157,373,5,Супер!,2023-12-02
158,375,5,Супер!,2023-07-27
159,381,1,Ожидал большего,2024-08-30
160,382,4,Отлично!,2023-02-24
161,387,4,Быстро доставили,2024-07-09
162,389,5,Быстро доставили,2024-04-28
163,390,5,Качество среднее,2024-01-21
164,396,2,Ожидал большего,2025-01-15
165,397,3,Ожидал большего,2023-08-24
166,398,4,Товар соответствует описанию,2024-07-02
167,401,3,Товар соответствует описанию,2025-08-03
168,404,3,Ожидал большего,2023-12-25
169,405,1,Быстро доставили,2024-06-27
170,406,3,Быстро доставили,2023-05-21
171,408,4,Быстро доставили,2024-03-22
172,413,3,Хорошо,2023-12-17
173,415,5,Рекомендую,2023-05-24
174,416,5,Хорошо,2023-03-06
175,418,5,Супер!,2023-09-17
176,420,4,Не понравилось,2024-05-03
177,421,4,Качество среднее,2025-07-15
178,422,4,Быстро доставили,2023-08-07
179,424,5,Супер!,2024-11-01
180,425,4,Хорошо,2023-10-10
181,427,5,Ожидал большего,2024-06-16
182,428,5,Рекомендую,2025-03-29
183,429,4,Хорошо,2023-03-12
184,430,4,Ожидал большего,2024-11-19
185,431,1,Не понравилось,2023-07-01
186,433,3,Быстро доставили,2025-05-26
187,437,5,Супер!,2023-05-01
188,438,5,Отлично!,2023-05-09
189,439,4,Нормально,2024-02-18
190,442,4,Супер!,2024-07-03
191,443,5,Отлично!,2024-01-12
192,446,3,Товар соответствует описанию,2024-11-12
193,447,5,Рекомендую,2023-04-11
194,450,3,Не понравилось,2025-04-27
195,452,2,Не понравилось,2024-08-03
196,454,5,Супер!,2025-09-09
197,456,5,Рекомендую,2024-11-21
198,457,5,Товар соответствует описанию,2024-08-07
199,461,5,Хорошо,2024-09-28
200,463,5,Быстро доставили,2025-01-25
201,464,2,Нормально,2024-08-24
202,465,2,Качество среднее,2023-11-07
203,466,3,Отлично!,2023-03-07
204,467,4,Нормально,2023-06-21
205,468,4,Рекомендую,2025-04-15
206,469,4,Нормально,2024-02-08
207,470,3,Ожидал большего,2024-02-23
208,471,4,Быстро доставили,2025-02-12
209,473,5,Отлично!,2023-08-08
210,479,5,Быстро доставили,2024-03-14
211,489,4,Не понравилось,2024-08-05
212,493,5,Нормально,2024-10-07
213,494,5,Быстро доставили,2024-02-10
214,495,4,Супер!,2025-04-25
215,497,4,Рекомендую,2024-09-04
216,498,5,Рекомендую,2023-08-13
217,499,4,Рекомендую,2025-05-31
218,500,1,Супер!,2024-05-16
219,507,3,Отлично!,2025-06-17
220,508,3,Не понравилось,2025-06-09
221,509,4,Отлично!,2025-08-06
222,510,3,Не понравилось,2024-05-23
223,515,5,Товар соответствует описанию,2024-07-05
224,518,4,Супер!,2024-06-27
225,519,5,Ожидал большего,2025-04-03
226,524,3,Товар соответствует описанию,2024-09-03
227,525,3,Супер!,2023-06-20
228,526,3,Качество среднее,2025-09-16
229,528,1,Супер!,2025-03-28
230,531,4,Не понравилось,2023-07-11
231,535,4,Нормально,2024-05-23
232,537,2,Товар соответствует описанию,2024-08-30
233,538,5,Рекомендую,2024-02-24
234,539,5,Хорошо,2024-04-04
235,541,4,Отлично!,2024-01-03
236,542,4,Нормально,2023-05-08
237,545,3,Хорошо,2023-02-20
238,547,4,Не понравилось,2023-11-11
239,548,4,Хорошо,2024-12-30
240,550,4,Качество среднее,2023-02-02
241,552,2,Быстро доставили,2024-04-20
242,553,3,Качество среднее,2024-08-05
243,555,5,Быстро доставили,2024-08-23
244,557,5,Качество среднее,2024-11-02
245,561,4,Товар соответствует описанию,2025-02-22
246,569,5,Товар соответствует описанию,2023-10-10
247,571,2,Не понравилось,2024-08-19
248,577,5,Качество среднее,2024-08-15
249,585,3,Отлично!,2023-05-04
250,588,4,Рекомендую,2023-05-31
251,589,3,Нормально,2025-06-26
252,592,5,Не понравилось,2023-10-13
253,595,3,Супер!,2023-09-24
254,596,3,Нормально,2023-10-10
255,597,5,Ожидал большего,2023-08-27
256,600,3,Ожидал большего,2024-10-24
257,601,5,Нормально,2025-09-27
258,605,3,Нормально,2023-10-01
259,607,5,Хорошо,2025-03-14
260,609,5,Супер!,2025-02-10
261,610,3,Быстро доставили,2024-01-21
262,615,5,Качество среднее,2025-04-17
263,616,2,Быстро доставили,2025-04-10
264,617,5,Отлично!,2024-02-01
265,619,4,Товар соответствует описанию,2023-10-29
266,620,4,Не понравилось,2024-04-09
267,621,5,Рекомендую,2024-02-19
268,622,3,Нормально,2025-01-14
269,630,5,Рекомендую,2025-02-19
270,633,4,Быстро доставили,2025-03-19
271,637,4,Не понравилось,2025-09-24
272,639,3,Товар соответствует описанию,2023-02-09
273,641,3,Отлично!,2023-10-20
274,645,4,Отлично!,2024-01-14
275,649,3,Ожидал большего,2025-02-23
276,650,4,Отлично!,2023-06-28
277,653,1,Рекомендую,2023-09-17
278,656,5,Рекомендую,2025-09-02
279,658,4,Хорошо,2023-01-25
280,660,4,Товар соответствует описанию,2024-10-06
281,661,5,Товар соответствует описанию,2023-03-09
282,669,4,Супер!,2024-11-17
283,670,5,Качество среднее,2025-07-09
284,671,5,Товар соответствует описанию,2025-08-12
285,673,5,Рекомендую,2025-07-30
286,674,2,Не понравилось,2024-11-21
287,675,4,Нормально,2023-07-12
288,676,4,Супер!,2023-12-03
289,680,3,Качество среднее,2023-07-16
290,681,1,Хорошо,2025-02-27
291,686,5,Товар соответствует описанию,2025-05-13
292,688,4,Нормально,2025-03-30
293,691,5,Супер!,2024-04-29
294,697,4,Супер!,2025-07-30
295,699,4,Быстро доставили,2023-08-14
296,700,1,Хорошо,2023-10-02
297,701,5,Товар соответствует описанию,2023-07-30
298,702,3,Товар соответствует описанию,2025-06-13
299,705,1,Качество среднее,2024-01-21
300,708,5,Рекомендую,2025-01-24
301,715,5,Отлично!,2025-03-23
302,718,2,Рекомендую,2025-07-11
303,719,4,Качество среднее,2025-02-10
304,720,4,Супер!,2023-03-23
305,722,5,Супер!,2023-05-13
306,723,5,Качество среднее,2023-04-28
307,725,5,Быстро доставили,2025-07-31
308,727,2,Супер!,2025-01-26
309,728,5,Рекомендую,2023-05-25
310,730,5,Качество среднее,2024-06-20
311,732,3,Нормально,2023-10-13
312,735,5,Товар соответствует описанию,2023-02-19
313,737,2,Не понравилось,2024-09-30
314,741,5,Качество среднее,2025-04-14
315,743,2,Отлично!,2023-04-24
316,745,4,Быстро доставили,2024-02-03
317,749,5,Качество среднее,2023-04-06
318,750,4,Супер!,2023-04-11
319,751,4,Быстро доставили,2024-05-02
320,752,3,Товар соответствует описанию,2023-11-04
321,755,4,Товар соответствует описанию,2023-05-09
322,760,3,Нормально,2025-06-17
323,761,3,Рекомендую,2024-03-30
324,762,1,Качество среднее,2024-09-13
325,763,3,Рекомендую,2024-09-07
326,765,4,Отлично!,2025-07-19
327,766,4,Не понравилось,2023-12-05
328,767,1,Качество среднее,2024-08-29
329,770,5,Рекомендую,2023-01-29
330,771,4,Быстро доставили,2023-09-21
331,774,3,Хорошо,2025-06-13
332,778,3,Отлично!,2025-02-18
333,779,3,Отлично!,2025-06-18
334,780,5,Ожидал большего,2024-12-16
335,781,4,Качество среднее,2025-08-18
336,782,5,Быстро доставили,2024-02-08
337,785,5,Супер!,2023-10-09
338,786,1,Супер!,2025-09-13
339,789,4,Рекомендую,2024-11-08
340,792,4,Не понравилось,2023-05-13
341,794,5,Отлично!,2023-03-01
342,797,4,Быстро доставили,2023-01-10
343,800,4,Хорошо,2024-02-07
344,802,1,Рекомендую,2024-12-19
345,804,5,Хорошо,2023-09-14
346,805,5,Хорошо,2025-10-01
347,807,5,Рекомендую,2023-06-29
348,808,3,Быстро доставили,2024-05-11
349,811,4,Нормально,2023-03-14
350,812,5,Не понравилось,2024-08-02
351,819,5,Товар соответствует описанию,2025-06-29
352,820,5,Рекомендую,2024-10-28
353,832,5,Рекомендую,2023-08-26
354,833,3,Супер!,2024-10-12
355,838,4,Не понравилось,2023-10-28
356,840,2,Ожидал большего,2025-07-28
357,841,4,Качество среднее,2025-02-07
358,845,5,Не понравилось,2025-03-18
359,846,4,Рекомендую,2024-10-10
360,851,3,Товар соответствует описанию,2025-01-04
361,853,5,Товар соответствует описанию,2025-02-11
362,855,2,Супер!,2024-06-27
363,856,4,Супер!,2024-01-29
364,860,5,Отлично!,2025-09-02
365,862,4,Товар соответствует описанию,2025-05-06
366,864,4,Не понравилось,2023-06-01
367,867,4,Не понравилось,2023-11-29
368,868,5,Рекомендую,2024-12-04
369,869,5,Отлично!,2024-07-08
370,871,4,Ожидал большего,2024-05-17
371,877,4,Ожидал большего,2024-09-10
372,885,3,Отлично!,2023-11-15
373,887,5,Отлично!,2025-09-17
374,888,2,Ожидал большего,2023-02-19
375,891,3,Быстро доставили,2024-08-27
376,892,4,Супер!,2024-01-19
377,893,5,Быстро доставили,2023-02-22
378,894,4,Отлично!,2025-03-15
379,896,3,Не понравилось,2023-04-30
380,899,4,Ожидал большего,2025-05-20
381,900,5,Супер!,2023-05-20
382,901,1,Ожидал большего,2025-07-29
383,906,4,Быстро доставили,2024-09-25
384,908,4,Быстро доставили,2025-07-20
385,912,5,Не понравилось,2025-06-17
386,916,1,Рекомендую,2025-01-30
387,922,2,Товар соответствует описанию,2023-10-29
388,923,5,Нормально,2024-01-20
389,927,4,Супер!,2023-07-01
390,930,5,Качество среднее,2024-02-15
391,931,5,Быстро доставили,2024-11-27
392,932,5,Не понравилось,2025-01-08
393,933,4,Качество среднее,2024-12-05
394,936,3,Рекомендую,2024-01-19
395,937,5,Не понравилось,2023-04-20
396,938,4,Ожидал большего,2024-11-17
397,939,3,Хорошо,2023-07-05
398,951,5,Нормально,2025-05-17
399,953,4,Хорошо,2023-06-24
400,955,5,Не понравилось,2023-02-25
401,959,5,Товар соответствует описанию,2025-08-22
402,961,4,Ожидал большего,2025-05-12
403,962,5,Товар соответствует описанию,2023-05-16
404,964,4,Не понравилось,2024-07-19
405,966,3,Качество среднее,2023-03-07
406,970,5,Хорошо,2023-08-22
407,974,5,Рекомендую,2024-03-20
408,976,2,Качество среднее,2023-12-12
409,977,3,Нормально,2025-06-12
410,979,5,Нормально,2023-07-28
411,982,4,Отлично!,2023-02-23
412,984,4,Рекомендую,2025-05-15
413,985,4,Качество среднее,2023-11-11
414,987,5,Товар соответствует описанию,2023-10-28
415,988,4,Быстро доставили,2023-04-25
416,990,1,Нормально,2023-03-09
417,991,5,Хорошо,2024-09-27
418,992,4,Качество среднее,2024-02-09
419,994,5,Отлично!,2025-06-21
420,996,5,Рекомендую,2025-02-11
421,997,4,Качество среднее,2024-07-07
422,999,4,Качество среднее,2023-07-19
423,1001,3,Ожидал большего,2024-04-10
424,1003,2,Товар соответствует описанию,2025-04-24
425,1004,5,Супер!,2025-03-07
426,1005,3,Качество среднее,2025-07-08
427,1006,5,Не понравилось,2025-06-03
428,1011,4,Ожидал большего,2023-06-21
429,1012,5,Не понравилось,2025-02-11
430,1013,4,Не понравилось,2025-05-10
431,1014,5,Быстро доставили,2024-03-22
432,1017,4,Товар соответствует описанию,2023-04-23
433,1018,4,Хорошо,2023-05-20
434,1024,2,Отлично!,2025-09-26
435,1025,3,Не понравилось,2025-06-26
436,1028,3,Супер!,2023-06-14
437,1029,2,Хорошо,2025-06-22
438,1032,3,Товар соответствует описанию,2025-09-16
439,1033,5,Быстро доставили,2025-05-07
440,1036,2,Отлично!,2023-02-05
441,1038,4,Отлично!,2024-05-15
442,1041,3,Качество среднее,2024-10-23
443,1043,4,Отлично!,2023-02-23
444,1047,5,Хорошо,2024-11-28
445,1049,5,Отлично!,2025-05-06
446,1050,3,Отлично!,2025-07-27
447,1053,4,Качество среднее,2023-04-28
448,1057,3,Хорошо,2023-04-01
449,1058,3,Рекомендую,2024-11-21
450,1060,2,Качество среднее,2025-08-13
451,1062,2,Рекомендую,2025-07-11
452,1064,5,Нормально,2023-08-12
453,1065,2,Отлично!,2025-02-16
454,1067,5,Нормально,2023-09-29
455,1069,4,Отлично!,2024-08-06
456,1074,3,Супер!,2024-08-05
457,1075,4,Не понравилось,2024-12-14
458,1077,4,Хорошо,2023-05-27
459,1078,3,Товар соответствует описанию,2024-09-17
460,1079,5,Быстро доставили,2023-06-17
461,1080,3,Супер!,2023-11-11
462,1081,5,Товар соответствует описанию,2025-09-01
463,1083,3,Супер!,2025-03-25
464,1085,5,Товар соответствует описанию,2025-04-11
465,1086,5,Ожидал большего,2023-03-09
466,1089,4,Качество среднее,2025-09-13
467,1092,5,Хорошо,2024-09-06
468,1099,4,Рекомендую,2023-11-28
469,1100,3,Супер!,2025-07-26
470,1103,3,Качество среднее,2025-09-19
471,1104,5,Качество среднее,2023-10-30
472,1105,4,Быстро доставили,2024-10-04
473,1108,3,Не понравилось,2023-08-22
474,1112,4,Товар соответствует описанию,2025-03-09
475,1115,3,Рекомендую,2024-04-16
476,1117,2,Ожидал большего,2023-08-31
477,1118,4,Рекомендую,2023-08-10
478,1121,3,Быстро доставили,2023-10-07
479,1126,5,Рекомендую,2023-12-14
480,1128,4,Не понравилось,2025-09-27
481,1134,3,Супер!,2025-03-15
482,1135,5,Супер!,2023-11-26
483,1136,4,Отлично!,2023-11-06
484,1137,5,Ожидал большего,2025-03-22
485,1138,4,Нормально,2024-10-21
486,1140,2,Супер!,2024-09-19
487,1146,5,Товар соответствует описанию,2024-10-24
488,1147,5,Быстро доставили,2024-09-19
489,1150,5,Рекомендую,2024-05-13
490,1151,3,Нормально,2024-01-31
491,1154,5,Быстро доставили,2023-07-14
492,1156,5,Товар соответствует описанию,2024-04-16
493,1162,3,Товар соответствует описанию,2023-08-12
494,1166,4,Рекомендую,2025-06-25
495,1167,4,Товар соответствует описанию,2023-10-02
496,1172,3,Товар соответствует описанию,2023-02-13
497,1173,5,Хорошо,2023-07-21
498,1174,5,Отлично!,2023-10-20
499,1178,4,Хорошо,2023-08-10
500,1179,3,Быстро доставили,2023-11-16
501,1184,5,Супер!,2023-05-02
502,1185,1,Товар соответствует описанию,2025-05-14
503,1187,5,Хорошо,2023-02-09
504,1190,5,Супер!,2024-08-27
505,1191,1,Быстро доставили,2023-03-26
506,1196,3,Нормально,2023-11-06
507,1198,4,Рекомендую,2025-03-23
508,1200,5,Отлично!,2024-02-19
509,1204,2,Не понравилось,2023-07-01
510,1207,4,Нормально,2024-02-06
511,1208,3,Рекомендую,2025-02-26
512,1215,4,Отлично!,2024-05-29
513,1216,4,Хорошо,2024-10-02
514,1218,2,Хорошо,2024-06-26
515,1223,4,Отлично!,2023-12-23
516,1227,2,Нормально,2025-02-08
517,1230,2,Ожидал большего,2024-10-16
518,1238,4,Товар соответствует описанию,2024-12-17
519,1239,5,Хорошо,2023-09-08
520,1243,5,Хорошо,2023-10-12
521,1245,3,Нормально,2025-04-17
522,1246,5,Хорошо,2025-01-08
523,1247,5,Не понравилось,2024-07-02
524,1248,4,Рекомендую,2023-08-13
525,1249,2,Супер!,2023-08-03
526,1251,5,Нормально,2023-04-17
527,1255,4,Быстро доставили,2024-03-31
528,1257,5,Товар соответствует описанию,2023-01-22
529,1262,4,Быстро доставили,2024-11-22
530,1265,2,Качество среднее,2024-05-12
531,1270,5,Рекомендую,2024-10-28
532,1271,5,Быстро доставили,2025-10-15
533,1272,5,Ожидал большего,2023-04-23
534,1275,2,Качество среднее,2024-06-29
535,1276,3,Отлично!,2023-12-06
536,1277,1,Быстро доставили,2024-06-23
537,1280,3,Рекомендую,2023-06-23
538,1284,5,Супер!,2025-02-24
539,1286,1,Рекомендую,2025-02-05
540,1288,3,Хорошо,2025-10-10
541,1289,2,Ожидал большего,2024-04-03
542,1290,4,Хорошо,2024-05-19
543,1291,5,Нормально,2025-03-12
544,1292,4,Нормально,2023-01-18
545,1294,4,Ожидал большего,2023-10-19
546,1297,4,Товар соответствует описанию,2024-07-15
547,1298,3,Отлично!,2023-07-29
548,1300,4,Хорошо,2024-08-06
549,1301,5,Хорошо,2024-02-07
550,1302,5,Качество среднее,2025-07-22
551,1303,5,Ожидал большего,2024-07-19
552,1304,5,Супер!,2023-09-19
553,1305,5,Рекомендую,2025-09-17
554,1306,5,Качество среднее,2023-10-28
555,1308,5,Супер!,2024-12-01
556,1309,5,Отлично!,2024-11-07
557,1310,5,Хорошо,2024-10-01
558,1311,5,Качество среднее,2024-02-01
559,1312,4,Нормально,2023-06-03
560,1315,5,Быстро доставили,2024-07-09
561,1318,5,Нормально,2024-05-21
562,1319,2,Супер!,2023-06-18
563,1322,3,Качество среднее,2025-09-13
564,1326,5,Ожидал большего,2024-10-11
565,1328,2,Не понравилось,2024-05-01
566,1332,5,Не понравилось,2023-09-07
567,1335,5,Супер!,2024-01-10
568,1340,5,Супер!,2024-03-05
569,1341,4,Отлично!,2025-10-06
570,1345,3,Нормально,2024-04-01
571,1348,2,Отлично!,2024-12-31
572,1349,4,Не понравилось,2023-05-19
573,1351,5,Хорошо,2024-02-07
574,1352,4,Хорошо,2023-04-03
575,1353,5,Хорошо,2025-09-02
576,1356,3,Отлично!,2024-12-17
577,1357,4,Рекомендую,2025-02-19
578,1361,3,Ожидал большего,2025-02-09
579,1363,5,Отлично!,2024-04-22
580,1364,3,Нормально,2025-04-18
581,1365,3,Супер!,2023-10-25
582,1367,4,Нормально,2025-02-17
583,1368,3,Не понравилось,2023-02-01
584,1369,2,Супер!,2025-06-30
585,1370,3,Товар соответствует описанию,2023-11-30
586,1371,3,Ожидал большего,2023-11-14
587,1373,3,Качество среднее,2025-05-08
588,1374,5,Не понравилось,2023-12-07
589,1377,4,Качество среднее,2023-09-26
590,1380,4,Нормально,2024-01-30
591,1381,1,Отлично!,2024-05-15
592,1384,5,Товар соответствует описанию,2025-08-08
593,1385,3,Ожидал большего,2024-09-19
594,1389,2,Ожидал большего,2025-07-20
595,1391,2,Не понравилось,2023-11-19
596,1392,4,Товар соответствует описанию,2023-01-09
597,1395,3,Нормально,2025-08-02
598,1396,1,Не понравилось,2023-12-13
599,1400,5,Качество среднее,2025-04-15
600,1401,1,Хорошо,2023-06-20
601,1403,3,Не понравилось,2023-05-29
602,1404,3,Товар соответствует описанию,2024-07-16
603,1405,2,Отлично!,2024-07-14
604,1406,5,Качество среднее,2023-01-17
605,1407,2,Качество среднее,2025-08-14
606,1411,5,Качество среднее,2024-05-23
607,1412,5,Товар соответствует описанию,2023-04-09
608,1414,1,Качество среднее,2025-01-09
609,1416,5,Хорошо,2024-09-23
610,1421,3,Быстро доставили,2024-05-18
611,1426,3,Качество среднее,2023-01-16
612,1429,2,Ожидал большего,2025-06-24
613,1433,3,Ожидал большего,2023-09-23
614,1436,5,Нормально,2025-09-01
615,1437,5,Качество среднее,2025-01-13
616,1440,5,Отлично!,2025-09-06
617,1441,2,Хорошо,2024-10-10
618,1445,4,Ожидал большего,2025-03-18
619,1447,2,Не понравилось,2025-09-20
620,1451,2,Супер!,2024-07-15
621,1452,4,Рекомендую,2023-12-25
622,1454,3,Нормально,2024-02-23
623,1455,1,Отлично!,2024-10-17
624,1456,5,Не понравилось,2023-02-03
625,1462,2,Рекомендую,2024-06-10
626,1466,3,Ожидал большего,2023-04-27
627,1469,5,Не понравилось,2025-09-26
628,1474,3,Супер!,2025-09-28
629,1475,2,Быстро доставили,2023-06-03
630,1479,4,Быстро доставили,2023-06-12
631,1484,5,Ожидал большего,2023-04-26
632,1486,3,Не понравилось,2024-03-15
633,1488,4,Рекомендую,2023-01-31
634,1494,3,Товар соответствует описанию,2024-05-03
635,1497,4,Нормально,2024-03-30
636,1498,4,Нормально,2024-10-02
637,1500,5,Хорошо,2024-08-28
638,1502,4,Нормально,2024-02-10
639,1507,3,Отлично!,2023-08-10
640,1510,5,Нормально,2023-01-08
641,1511,2,Рекомендую,2025-08-26
642,1513,1,Нормально,2024-06-15
643,1514,5,Ожидал большего,2025-05-31
644,1520,3,Ожидал большего,2023-05-27
645,1523,2,Супер!,2025-01-08
646,1525,1,Не понравилось,2023-08-27
647,1527,3,Супер!,2025-03-11
648,1532,4,Нормально,2024-05-25
649,1533,4,Быстро доставили,2024-03-28
650,1534,5,Ожидал большего,2024-01-27
651,1537,4,Не понравилось,2023-09-04
652,1538,5,Супер!,2023-09-16
653,1539,2,Нормально,2025-01-15
654,1541,5,Отлично!,2023-05-06
655,1544,5,Нормально,2025-10-07
656,1548,5,Не понравилось,2024-04-22
657,1551,5,Супер!,2025-01-21
658,1557,3,Отлично!,2025-06-01
659,1558,5,Товар соответствует описанию,2023-11-22
660,1559,4,Товар соответствует описанию,2024-04-27
661,1560,5,Рекомендую,2024-05-22
662,1563,3,Быстро доставили,2024-12-02
663,1564,5,Товар соответствует описанию,2024-04-17
664,1565,1,Отлично!,2025-04-14
665,1566,3,Рекомендую,2024-09-07
666,1572,5,Не понравилось,2023-04-18
667,1577,4,Отлично!,2025-02-06
668,1578,3,Качество среднее,2023-06-02
669,1579,4,Хорошо,2025-04-26
670,1580,3,Супер!,2024-07-07
671,1582,4,Ожидал большего,2023-07-18
672,1584,1,Отлично!,2023-07-14
673,1586,4,Качество среднее,2024-05-03
674,1587,2,Ожидал большего,2024-02-21
675,1588,2,Товар соответствует описанию,2024-04-02
676,1589,4,Хорошо,2024-05-07
677,1595,2,Качество среднее,2023-09-12
678,1600,4,Ожидал большего,2023-06-13
679,1605,3,Рекомендую,2024-05-26
680,1607,3,Отлично!,2024-10-13
681,1610,3,Супер!,2023-03-21
682,1614,4,Качество среднее,2024-12-28
683,1619,3,Рекомендую,2024-08-10
684,1620,4,Ожидал большего,2023-06-02
685,1622,3,Быстро доставили,2023-09-25
686,1626,5,Не понравилось,2023-10-28
687,1627,4,Не понравилось,2024-11-09
688,1631,4,Не понравилось,2024-05-21
689,1632,4,Отлично!,2023-08-10
690,1633,5,Качество среднее,2023-02-16
691,1636,4,Не понравилось,2024-02-28
692,1637,5,Ожидал большего,2024-11-12
693,1642,5,Нормально,2023-06-01
694,1647,5,Супер!,2023-10-21
695,1648,2,Ожидал большего,2023-10-14
696,1650,1,Товар соответствует описанию,2025-06-02
697,1651,5,Нормально,2025-09-28
698,1652,2,Быстро доставили,2023-09-03
699,1653,5,Ожидал большего,2023-12-07
700,1656,5,Ожидал большего,2023-03-03
701,1657,4,Рекомендую,2024-07-07
702,1658,4,Ожидал большего,2024-01-27
703,1659,5,Рекомендую,2025-09-17
704,1663,4,Рекомендую,2025-04-15
705,1665,5,Отлично!,2024-11-01
706,1667,3,Быстро доставили,2025-03-30
707,1669,5,Не понравилось,2023-05-29
708,1671,5,Нормально,2025-08-25
709,1672,2,Быстро доставили,2023-05-10
710,1676,3,Не понравилось,2024-01-28
711,1677,2,Ожидал большего,2023-11-09
712,1679,5,Качество среднее,2025-02-16
713,1681,2,Нормально,2023-05-16
714,1682,4,Нормально,2024-09-25
715,1683,4,Не понравилось,2025-03-05
716,1684,4,Качество среднее,2024-07-24
717,1688,3,Супер!,2025-02-24
718,1689,4,Хорошо,2024-04-29
719,1690,3,Рекомендую,2024-04-04
720,1693,5,Супер!,2024-12-20
721,1698,3,Не понравилось,2024-09-07
722,1704,5,Нормально,2023-10-12
723,1705,3,Товар соответствует описанию,2024-09-07
724,1706,5,Нормально,2023-12-14
725,1707,5,Нормально,2025-04-02
726,1710,5,Рекомендую,2024-01-01
727,1711,2,Отлично!,2023-05-03
728,1713,5,Ожидал большего,2024-12-01
729,1714,5,Не понравилось,2024-06-24
730,1715,4,Не понравилось,2024-09-19
731,1716,4,Не понравилось,2025-03-27
732,1721,2,Отлично!,2023-06-16
733,1722,5,Товар соответствует описанию,2024-09-07
734,1723,4,Хорошо,2025-03-13
735,1724,5,Супер!,2023-02-09
736,1725,4,Не понравилось,2025-04-04
737,1727,3,Товар соответствует описанию,2024-02-14
738,1728,5,Товар соответствует описанию,2023-07-14
739,1729,5,Не понравилось,2025-07-16
740,1732,4,Нормально,2025-04-20
741,1734,5,Хорошо,2023-01-16
742,1738,5,Товар соответствует описанию,2023-10-19
743,1746,5,Хорошо,2024-12-26
744,1752,4,Ожидал большего,2025-08-25
745,1753,4,Супер!,2024-02-22
746,1755,4,Хорошо,2024-10-08
747,1756,5,Товар соответствует описанию,2023-02-07
748,1762,5,Рекомендую,2023-04-12
749,1764,4,Рекомендую,2023-05-29
750,1770,4,Качество среднее,2023-07-02
751,1771,5,Нормально,2024-01-23
752,1773,3,Рекомендую,2024-01-05
753,1777,5,Не понравилось,2025-06-24
754,1779,4,Качество среднее,2025-04-14
755,1780,5,Товар соответствует описанию,2023-10-08
756,1786,3,Супер!,2023-11-09
757,1787,3,Ожидал большего,2023-06-23
758,1792,1,Не понравилось,2025-03-27
759,1796,5,Быстро доставили,2023-07-07
760,1798,5,Рекомендую,2023-06-25
761,1803,5,Качество среднее,2024-04-18
762,1804,5,Супер!,2024-05-04
763,1808,4,Отлично!,2024-11-07
764,1811,4,Быстро доставили,2024-03-17
765,1824,2,Нормально,2024-08-12
766,1826,4,Отлично!,2023-04-26
767,1827,4,Отлично!,2025-03-09
768,1830,3,Не понравилось,2025-05-23
769,1831,4,Хорошо,2025-05-20
770,1833,5,Отлично!,2024-06-25
771,1836,2,Быстро доставили,2025-06-15
772,1837,4,Рекомендую,2023-12-02
773,1838,5,Ожидал большего,2024-08-26
774,1839,5,Быстро доставили,2025-09-24
775,1841,5,Хорошо,2025-07-02
776,1843,4,Товар соответствует описанию,2024-04-06
777,1847,5,Супер!,2024-05-13
778,1849,4,Быстро доставили,2023-06-13
779,1850,3,Хорошо,2023-11-20
780,1851,4,Супер!,2023-06-26
781,1869,5,Быстро доставили,2023-01-18
782,1870,3,Ожидал большего,2024-05-25
783,1871,4,Супер!,2024-06-28
784,1873,5,Рекомендую,2024-12-15
785,1878,5,Рекомендую,2025-09-02
786,1881,1,Быстро доставили,2025-03-07
787,1883,5,Товар соответствует описанию,2025-04-02
788,1886,5,Отлично!,2023-10-25
789,1887,3,Товар соответствует описанию,2023-12-24
790,1888,1,Ожидал большего,2024-08-25
791,1889,5,Нормально,2024-09-06
792,1891,4,Качество среднее,2025-02-26
793,1894,5,Хорошо,2023-01-31
794,1895,4,Качество среднее,2024-08-15
795,1896,5,Отлично!,2024-07-08
796,1898,3,Супер!,2025-04-21
797,1899,3,Хорошо,2024-10-30
798,1909,2,Хорошо,2024-01-29
799,1910,5,Товар соответствует описанию,2025-03-01
800,1911,5,Рекомендую,2025-01-23
801,1912,4,Быстро доставили,2024-01-07
802,1915,3,Качество среднее,2024-03-24
803,1922,3,Хорошо,2023-12-15
804,1925,4,Хорошо,2023-03-28
805,1926,2,Ожидал большего,2024-04-17
806,1928,5,Качество среднее,2024-12-10
807,1936,4,Не понравилось,2023-07-27
808,1937,2,Нормально,2024-10-26
809,1938,3,Ожидал большего,2025-08-16
810,1944,2,Рекомендую,2024-09-08
811,1950,4,Отлично!,2025-09-23
812,1952,5,Не понравилось,2024-02-06
813,1954,4,Качество среднее,2024-04-02
814,1957,3,Качество среднее,2023-07-01
815,1960,5,Рекомендую,2025-03-02
816,1961,5,Нормально,2025-06-29
817,1962,5,Супер!,2024-04-06
818,1965,3,Хорошо,2023-09-28
819,1966,3,Нормально,2024-08-09
820,1968,3,Отлично!,2024-02-02
821,1972,3,Нормально,2025-06-04
822,1973,4,Рекомендую,2023-10-26
823,1974,4,Хорошо,2024-08-17
824,1975,4,Быстро доставили,2025-06-04
825,1976,5,Супер!,2023-12-19
826,1979,5,Качество среднее,2024-08-26
827,1981,1,Нормально,2025-08-16
828,1984,4,Качество среднее,2024-07-16
829,1987,5,Ожидал большего,2024-05-29
830,1988,5,Качество среднее,2024-09-12
831,1989,4,Нормально,2025-04-19
832,1990,4,Товар соответствует описанию,2025-09-11
833,1995,2,Супер!,2024-05-11
834,1996,5,Качество среднее,2024-08-21
835,1997,4,Ожидал большего,2024-02-14
836,1999,4,Ожидал большего,2023-03-12
837,2000,4,Качество среднее,2025-02-14
